world,query_group,query,title,year,authors,doi,url,pdf_url,has_extracted_text,google_scholar_title_url,google_scholar_query_url,manual_pdf_url,manual_status,notes
auction_house,learning_terms,RegretNet auction design incentive compatibility regret,Optimal-er Auctions through Attention,2022,Dmitry Ivanov; Iskander Safiulin; Igor Filippov; Ksenia Balabaeva,10.48550/arxiv.2202.13110,http://arxiv.org/abs/2202.13110,https://arxiv.org/pdf/2202.13110,True,https://scholar.google.com/scholar?q=Optimal-er+Auctions+through+Attention,https://scholar.google.com/scholar?q=RegretNet+auction+design+incentive+compatibility+regret,,,
auction_house,learning_terms,RegretNet auction design incentive compatibility regret,A Scalable Neural Network for DSIC Affine Maximizer Auction Design,2023,Zhijian Duan; Haoran Sun; Yurong Chen; Xiaotie Deng,10.48550/arxiv.2305.12162,http://arxiv.org/abs/2305.12162,https://arxiv.org/pdf/2305.12162,False,https://scholar.google.com/scholar?q=A+Scalable+Neural+Network+for+DSIC+Affine+Maximizer+Auction+Design,https://scholar.google.com/scholar?q=RegretNet+auction+design+incentive+compatibility+regret,,,
auction_house,learning_terms,RegretNet auction design incentive compatibility regret,Optimal Auctions through Deep Learning: Advances in Differentiable Economics,2023,Paul Dütting; Zhe Feng; Harikrishna Narasimhan; David C. Parkes; Sai Srivatsa Ravindranath,10.1145/3630749,https://doi.org/10.1145/3630749,https://dl.acm.org/doi/pdf/10.1145/3630749,False,https://scholar.google.com/scholar?q=Optimal+Auctions+through+Deep+Learning%3A+Advances+in+Differentiable+Economics,https://scholar.google.com/scholar?q=RegretNet+auction+design+incentive+compatibility+regret,,,
auction_house,classical_terms,Auctions and Bidding Vickrey 1961,Why Are Vickrey Auctions Rare?,1990,Michael H. Rothkopf; Thomas J. Teisberg; Edward Kahn,10.1086/261670,https://doi.org/10.1086/261670,,False,https://scholar.google.com/scholar?q=Why+Are+Vickrey+Auctions+Rare%3F,https://scholar.google.com/scholar?q=Auctions+and+Bidding+Vickrey+1961,,,
auction_house,classical_terms,Auctions and Bidding Vickrey 1961,Why Customers Value Self‐Designed Products: The Importance of Process Effort and Enjoyment<sup>*</sup>,2010,Nikolaus Franke; Martin Schreier,10.1111/j.1540-5885.2010.00768.x,https://doi.org/10.1111/j.1540-5885.2010.00768.x,https://onlinelibrary.wiley.com/doi/pdfdirect/10.1111/j.1540-5885.2010.00768.x,False,https://scholar.google.com/scholar?q=Why+Customers+Value+Self%E2%80%90Designed+Products%3A+The+Importance+of+Process+Effort+and+Enjoyment%3Csup%3E%2A%3C%2Fsup%3E,https://scholar.google.com/scholar?q=Auctions+and+Bidding+Vickrey+1961,,,
auction_house,learning_terms,RegretNet auction design incentive compatibility regret,Optimal Economic Design Through Deep Learning (Short Paper),2017,Paul Dütting; Feng Zheng; Harikrishna Narasimhan; David C. Parkes,,http://nrs.harvard.edu/urn-3:HUL.InstRepos:41718766,http://nrs.harvard.edu/urn-3:HUL.InstRepos:41718766,False,https://scholar.google.com/scholar?q=Optimal+Economic+Design+Through+Deep+Learning+%28Short+Paper%29,https://scholar.google.com/scholar?q=RegretNet+auction+design+incentive+compatibility+regret,,,
auction_house,classical_terms,first price auction bid shading equilibrium,Position Auctions with Consumer Search,2011,Susan Athey; Glenn Ellison,10.1093/qje/qjr028,https://doi.org/10.1093/qje/qjr028,https://academic.oup.com/qje/article-pdf/126/3/1213/5246144/qjr028.pdf,False,https://scholar.google.com/scholar?q=Position+Auctions+with+Consumer+Search,https://scholar.google.com/scholar?q=first+price+auction+bid+shading+equilibrium,,,
auction_house,classical_terms,Myerson optimal auction reserve price revenue,Auctioning Conservation Contracts: A Theoretical Analysis and an Application,1997,Uwe Latacz‐Lohmann; Carel Van der Hamsvoort,10.2307/1244139,https://doi.org/10.2307/1244139,https://onlinelibrary.wiley.com/doi/pdfdirect/10.2307/1244139,False,https://scholar.google.com/scholar?q=Auctioning+Conservation+Contracts%3A+A+Theoretical+Analysis+and+an+Application,https://scholar.google.com/scholar?q=Myerson+optimal+auction+reserve+price+revenue,,,
auction_house,classical_terms,first price auction bid shading equilibrium,"Flash Boys 2.0: Frontrunning in Decentralized Exchanges, Miner Extractable Value, and Consensus Instability",2020,Philip Daian; Steven Goldfeder; Tyler Kell; Yunqi Li; Xueyuan Zhao; Iddo Bentov; Lorenz Breidenbach; Ari Juels,10.1109/sp40000.2020.00040,https://doi.org/10.1109/sp40000.2020.00040,https://ieeexplore.ieee.org/ielx7/9144328/9152199/09152675.pdf,False,https://scholar.google.com/scholar?q=Flash+Boys+2.0%3A+Frontrunning+in+Decentralized+Exchanges%2C+Miner+Extractable+Value%2C+and+Consensus+Instability,https://scholar.google.com/scholar?q=first+price+auction+bid+shading+equilibrium,,,
auction_house,learning_terms,RegretNet auction design incentive compatibility regret,Optimal auctions through deep learning,2019,Paul Dütting; Zhe Feng; Harikrishna Narasimhan; David C. Parkes; Sai Srivatsa Ravindranath,,http://eprints.lse.ac.uk/104026/,http://eprints.lse.ac.uk/100806/87/Duetting_optimal_auctions_through_deep_learning_published.pdf,False,https://scholar.google.com/scholar?q=Optimal+auctions+through+deep+learning,https://scholar.google.com/scholar?q=RegretNet+auction+design+incentive+compatibility+regret,,,
auction_house,classical_terms,Myerson optimal auction reserve price revenue,Analyzing the Airwaves Auction,1996,R. Preston McAfee; John McMillan,10.1257/jep.10.1.159,https://doi.org/10.1257/jep.10.1.159,https://www.aeaweb.org/articles/pdf/doi/10.1257/jep.10.1.159,False,https://scholar.google.com/scholar?q=Analyzing+the+Airwaves+Auction,https://scholar.google.com/scholar?q=Myerson+optimal+auction+reserve+price+revenue,,,
auction_house,learning_terms,RegretNet auction design incentive compatibility regret,Data Market Design through Deep Learning,2023,Sai Srivatsa Ravindranath; Yanchen Jiang; David C. Parkes,10.48550/arxiv.2310.20096,http://arxiv.org/abs/2310.20096,https://arxiv.org/pdf/2310.20096,False,https://scholar.google.com/scholar?q=Data+Market+Design+through+Deep+Learning,https://scholar.google.com/scholar?q=RegretNet+auction+design+incentive+compatibility+regret,,,
auction_house,classical_terms,Myerson optimal auction reserve price revenue,Auctions vs. Negotiations,1994,Jeremy Bulow; Paul Klemperer,10.3386/w4608,https://doi.org/10.3386/w4608,https://doi.org/10.3386/w4608,False,https://scholar.google.com/scholar?q=Auctions+vs.+Negotiations,https://scholar.google.com/scholar?q=Myerson+optimal+auction+reserve+price+revenue,,,
auction_house,classical_terms,Myerson optimal auction reserve price revenue,Decentralized Edge Intelligence: A Dynamic Resource Allocation Framework for Hierarchical Federated Learning,2021,Wei Yang Bryan Lim; Jer Shyuan Ng; Zehui Xiong; Jiangming Jin; Yang Zhang; Dusit Niyato; Cyril Leung; Chunyan Miao,10.1109/tpds.2021.3096076,https://doi.org/10.1109/tpds.2021.3096076,https://dr.ntu.edu.sg/bitstream/10356/156035/3/Decentralized_Edge_Intelligence_A_Dynamic_Resource_Allocation_Framework_for_Hierarchical_Federated_Learning.pdf,False,https://scholar.google.com/scholar?q=Decentralized+Edge+Intelligence%3A+A+Dynamic+Resource+Allocation+Framework+for+Hierarchical+Federated+Learning,https://scholar.google.com/scholar?q=Myerson+optimal+auction+reserve+price+revenue,,,
auction_house,classical_terms,first price auction bid shading equilibrium,Anomalies: The Winner's Curse,1988,Richard H. Thaler,10.1257/jep.2.1.191,https://doi.org/10.1257/jep.2.1.191,https://www.aeaweb.org/articles/pdf/doi/10.1257/jep.2.1.191,False,https://scholar.google.com/scholar?q=Anomalies%3A+The+Winner%27s+Curse,https://scholar.google.com/scholar?q=first+price+auction+bid+shading+equilibrium,,,
auction_house,learning_terms,RegretNet auction design incentive compatibility regret,A Permutation-Equivariant Neural Network Architecture For Auction Design,2021,Jad Rahme; Samy Jelassi; Joan Bruna; S. Matthew Weinberg,10.1609/aaai.v35i6.16711,https://doi.org/10.1609/aaai.v35i6.16711,https://ojs.aaai.org/index.php/AAAI/article/download/16711/16518,False,https://scholar.google.com/scholar?q=A+Permutation-Equivariant+Neural+Network+Architecture+For+Auction+Design,https://scholar.google.com/scholar?q=RegretNet+auction+design+incentive+compatibility+regret,,,
auction_house,classical_terms,Myerson optimal auction reserve price revenue,Bid rotation and collusion in repeated auctions,2003,Masaki Aoyagi,10.1016/s0022-0531(03)00071-1,https://doi.org/10.1016/s0022-0531(03)00071-1,https://ir.library.osaka-u.ac.jp/repo/ouka/all/3229/Aoyagi_2003-09.pdf,False,https://scholar.google.com/scholar?q=Bid+rotation+and+collusion+in+repeated+auctions,https://scholar.google.com/scholar?q=Myerson+optimal+auction+reserve+price+revenue,,,
auction_house,classical_terms,Auctions and Bidding Vickrey 1961,The Michigan Internet AuctionBot,1998,Peter R. Wurman; Michael P. Wellman; William E. Walsh,10.1145/280765.280847,https://doi.org/10.1145/280765.280847,https://dl.acm.org/doi/pdf/10.1145/280765.280847,False,https://scholar.google.com/scholar?q=The+Michigan+Internet+AuctionBot,https://scholar.google.com/scholar?q=Auctions+and+Bidding+Vickrey+1961,,,
auction_house,classical_terms,Auctions and Bidding Vickrey 1961,How Auctions Work for Wine and Art,1989,Orley Ashenfelter,10.1257/jep.3.3.23,https://doi.org/10.1257/jep.3.3.23,https://www.aeaweb.org/articles/pdf/doi/10.1257/jep.3.3.23,False,https://scholar.google.com/scholar?q=How+Auctions+Work+for+Wine+and+Art,https://scholar.google.com/scholar?q=Auctions+and+Bidding+Vickrey+1961,,,
auction_house,classical_terms,Vickrey second price auction truthful bidding,Transforming Energy Networks via Peer-to-Peer Energy Trading: The Potential of Game-Theoretic Approaches,2018,Wayes Tushar; Chau Yuen; Hamed Mohsenian-Rad; Tapan Saha; H. Vincent Poor; Kristin L. Wood,10.1109/msp.2018.2818327,https://doi.org/10.1109/msp.2018.2818327,https://arxiv.org/pdf/1804.00962,False,https://scholar.google.com/scholar?q=Transforming+Energy+Networks+via+Peer-to-Peer+Energy+Trading%3A+The+Potential+of+Game-Theoretic+Approaches,https://scholar.google.com/scholar?q=Vickrey+second+price+auction+truthful+bidding,,,
auction_house,classical_terms,Auctions and Bidding Vickrey 1961,Market mechanisms and funding dynamics in equity crowdfunding,2017,Lars Hornuf; Armin Schwienbacher,10.1016/j.jcorpfin.2017.08.009,https://doi.org/10.1016/j.jcorpfin.2017.08.009,https://www.sciencedirect.com/science/article/pii/S0929119916302450/pdfft?md5=2f79924af57492ac48767adbe7bfdaf6&pid=1-s2.0-S0929119916302450-main.pdf,False,https://scholar.google.com/scholar?q=Market+mechanisms+and+funding+dynamics+in+equity+crowdfunding,https://scholar.google.com/scholar?q=Auctions+and+Bidding+Vickrey+1961,,,
auction_house,classical_terms,first price auction bid shading equilibrium,Strategic Supply Function Competition With Private Information,2011,Xavier Vives,10.3982/ecta8126,https://doi.org/10.3982/ecta8126,https://onlinelibrary.wiley.com/doi/pdfdirect/10.3982/ECTA8126,False,https://scholar.google.com/scholar?q=Strategic+Supply+Function+Competition+With+Private+Information,https://scholar.google.com/scholar?q=first+price+auction+bid+shading+equilibrium,,,
auction_house,classical_terms,Vickrey second price auction truthful bidding,"The Willingness to Pay–Willingness to Accept Gap, the “Endowment Effect,” Subject Misconceptions, and Experimental Procedures for Eliciting Valuations",2005,Charles R. Plott; Kathryn Zeiler,10.1257/0002828054201387,https://doi.org/10.1257/0002828054201387,https://scholarship.law.bu.edu/cgi/viewcontent.cgi?article=1775&context=faculty_scholarship,False,https://scholar.google.com/scholar?q=The+Willingness+to+Pay%E2%80%93Willingness+to+Accept+Gap%2C+the+%E2%80%9CEndowment+Effect%2C%E2%80%9D+Subject+Misconceptions%2C+and+Experimental+Procedures+for+Eliciting+Valuations,https://scholar.google.com/scholar?q=Vickrey+second+price+auction+truthful+bidding,,,
auction_house,classical_terms,Auctions and Bidding Vickrey 1961,The Theory of Incentives: The Principal-Agent Model,2001,Jean‐Jacques Laffont; David Martimort,10.1515/9781400829453,https://doi.org/10.1515/9781400829453,http://publications.ut-capitole.fr/14941/1/Laffont_14941.pdf,False,https://scholar.google.com/scholar?q=The+Theory+of+Incentives%3A+The+Principal-Agent+Model,https://scholar.google.com/scholar?q=Auctions+and+Bidding+Vickrey+1961,,,
auction_house,classical_terms,Optimal Auction Design Myerson 1981,Asymmetric information and contract design for payments for environmental services,2007,Paul J. Ferraro,10.1016/j.ecolecon.2007.07.029,https://doi.org/10.1016/j.ecolecon.2007.07.029,https://vtechworks.lib.vt.edu/bitstreams/1cdd287f-d9a5-4f2c-bf9d-04f4a897e74f/download,False,https://scholar.google.com/scholar?q=Asymmetric+information+and+contract+design+for+payments+for+environmental+services,https://scholar.google.com/scholar?q=Optimal+Auction+Design+Myerson+1981,,,
auction_house,classical_terms,Auctions and Bidding Vickrey 1961,Resolving Differences in Willingness to Pay and Willingness to Accept: Reply,1994,Jason F. Shogren; Dermot J. Hayes,,https://lib.dr.iastate.edu/econ_las_pubs/9,https://lib.dr.iastate.edu/econ_las_pubs/9,False,https://scholar.google.com/scholar?q=Resolving+Differences+in+Willingness+to+Pay+and+Willingness+to+Accept%3A+Reply,https://scholar.google.com/scholar?q=Auctions+and+Bidding+Vickrey+1961,,,
auction_house,classical_terms,first price auction bid shading equilibrium,"A Metaverse: Taxonomy, Components, Applications, and Open Challenges",2022,Sangmin Park; Young‐Gab Kim,10.1109/access.2021.3140175,https://doi.org/10.1109/access.2021.3140175,https://ieeexplore.ieee.org/ielx7/6287639/9668973/09667507.pdf,False,https://scholar.google.com/scholar?q=A+Metaverse%3A+Taxonomy%2C+Components%2C+Applications%2C+and+Open+Challenges,https://scholar.google.com/scholar?q=first+price+auction+bid+shading+equilibrium,,,
auction_house,classical_terms,Optimal Auction Design Myerson 1981,The interdisciplinary study of coordination,1994,Thomas W. Malone; Kevin Crowston,10.1145/174666.174668,https://doi.org/10.1145/174666.174668,https://dl.acm.org/doi/pdf/10.1145/174666.174668,False,https://scholar.google.com/scholar?q=The+interdisciplinary+study+of+coordination,https://scholar.google.com/scholar?q=Optimal+Auction+Design+Myerson+1981,,,
auction_house,classical_terms,Optimal Auction Design Myerson 1981,Cognitive effort: A neuroeconomic approach,2015,Andrew Westbrook; Todd S. Braver,10.3758/s13415-015-0334-y,https://doi.org/10.3758/s13415-015-0334-y,https://link.springer.com/content/pdf/10.3758%2Fs13415-015-0334-y.pdf,False,https://scholar.google.com/scholar?q=Cognitive+effort%3A+A+neuroeconomic+approach,https://scholar.google.com/scholar?q=Optimal+Auction+Design+Myerson+1981,,,
auction_house,learning_terms,reinforcement learning auction bidding agents,"Unmanned aerial vehicles (UAVs): practical aspects, applications, open challenges, security issues, and future trends",2023,Syed Agha Hassnain Mohsan; Nawaf Qasem Hamood Othman; Yanlong Li; Mohammed H. Alsharif; Muhammad Asghar Khan,10.1007/s11370-022-00452-4,https://doi.org/10.1007/s11370-022-00452-4,https://link.springer.com/content/pdf/10.1007/s11370-022-00452-4.pdf,False,https://scholar.google.com/scholar?q=Unmanned+aerial+vehicles+%28UAVs%29%3A+practical+aspects%2C+applications%2C+open+challenges%2C+security+issues%2C+and+future+trends,https://scholar.google.com/scholar?q=reinforcement+learning+auction+bidding+agents,,,
labor_market,classical_terms,Gale Shapley deferred acceptance stable matching,Proceedings of the Thirty-First International Joint Conference on Artificial Intelligence,2022,,10.24963/ijcai.2022,https://doi.org/10.24963/ijcai.2022,https://www.ijcai.org/proceedings/2022/0001.pdf,False,https://scholar.google.com/scholar?q=Proceedings+of+the+Thirty-First+International+Joint+Conference+on+Artificial+Intelligence,https://scholar.google.com/scholar?q=Gale+Shapley+deferred+acceptance+stable+matching,,,
labor_market,classical_terms,Gale Shapley deferred acceptance stable matching,Matching with Couples: Stability and Incentives in Large Markets*,2013,Fuhito Kojima; Parag A. Pathak; Alvin E. Roth,10.1093/qje/qjt019,https://doi.org/10.1093/qje/qjt019,https://academic.oup.com/qje/article-pdf/128/4/1585/30635642/qjt019.pdf,False,https://scholar.google.com/scholar?q=Matching+with+Couples%3A+Stability+and+Incentives+in+Large+Markets%2A,https://scholar.google.com/scholar?q=Gale+Shapley+deferred+acceptance+stable+matching,,,
labor_market,classical_terms,Gale Shapley deferred acceptance stable matching,A Theory of Stability in Many-to-many Matching Markets,2003,Federico Echenique; Jorge Oviedo,10.7907/c57yy-fm360,http://econtheory.org/ojs/index.php/te/article/view/2006233,https://utoronto.scholaris.ca/bitstreams/f28ea861-04d3-41a6-a6c2-60a27b84ee57/download,False,https://scholar.google.com/scholar?q=A+Theory+of+Stability+in+Many-to-many+Matching+Markets,https://scholar.google.com/scholar?q=Gale+Shapley+deferred+acceptance+stable+matching,,,
labor_market,classical_terms,College Admissions and the Stability of Marriage Gale Shapley,"Deferred Acceptance Algorithms: History, Theory, Practice, and Open Questions",2007,Alvin E. Roth,10.3386/w13225,https://doi.org/10.3386/w13225,https://doi.org/10.3386/w13225,False,https://scholar.google.com/scholar?q=Deferred+Acceptance+Algorithms%3A+History%2C+Theory%2C+Practice%2C+and+Open+Questions,https://scholar.google.com/scholar?q=College+Admissions+and+the+Stability+of+Marriage+Gale+Shapley,,,
labor_market,classical_terms,College Admissions and the Stability of Marriage Gale Shapley,The stable marriage problem,1971,D. G. McVitie; L. B. Wilson,10.1145/362619.362631,https://doi.org/10.1145/362619.362631,https://dl.acm.org/doi/pdf/10.1145/362619.362631,False,https://scholar.google.com/scholar?q=The+stable+marriage+problem,https://scholar.google.com/scholar?q=College+Admissions+and+the+Stability+of+Marriage+Gale+Shapley,,,
labor_market,classical_terms,Gale Shapley deferred acceptance stable matching,Sorting through Search and Matching Models in Economics,2017,Héctor Chade; Jan Eeckhout; Lones Smith,10.1257/jel.20150777,https://doi.org/10.1257/jel.20150777,https://www.aeaweb.org/articles/pdf/doi/10.1257/jel.20150777,False,https://scholar.google.com/scholar?q=Sorting+through+Search+and+Matching+Models+in+Economics,https://scholar.google.com/scholar?q=Gale+Shapley+deferred+acceptance+stable+matching,,,
labor_market,learning_terms,reinforcement learning matching markets,Artificial Intelligence in Education: A Review,2020,Lijia Chen; Pingping Chen; Zhijian Lin,10.1109/access.2020.2988510,https://doi.org/10.1109/access.2020.2988510,https://ieeexplore.ieee.org/ielx7/6287639/8948470/09069875.pdf,False,https://scholar.google.com/scholar?q=Artificial+Intelligence+in+Education%3A+A+Review,https://scholar.google.com/scholar?q=reinforcement+learning+matching+markets,,,
labor_market,learning_terms,reinforcement learning matching markets,Quantum machine learning,2017,Jacob Biamonte; Péter Wittek; Nicola Pancotti; Patrick Rebentrost; Nathan Wiebe; Seth Lloyd,10.1038/nature23474,https://doi.org/10.1038/nature23474,https://arxiv.org/pdf/1611.09347,False,https://scholar.google.com/scholar?q=Quantum+machine+learning,https://scholar.google.com/scholar?q=reinforcement+learning+matching+markets,,,
labor_market,classical_terms,Deferred Acceptance Algorithms History Theory Practice Open Questions Roth,"Work System Theory: Overview of Core Concepts, Extensions, and Challenges for the Future",2013,Steven Alter,10.17705/1jais.00323,https://doi.org/10.17705/1jais.00323,https://aisel.aisnet.org/cgi/viewcontent.cgi?article=1637&context=jais,False,https://scholar.google.com/scholar?q=Work+System+Theory%3A+Overview+of+Core+Concepts%2C+Extensions%2C+and+Challenges+for+the+Future,https://scholar.google.com/scholar?q=Deferred+Acceptance+Algorithms+History+Theory+Practice+Open+Questions+Roth,,,
labor_market,classical_terms,two sided matching stability truthfulness,Sparks of Artificial General Intelligence: Early experiments with GPT-4,2023,Sébastien Bubeck; Varun Chandrasekaran; Ronen Eldan; Johannes Gehrke; Eric Horvitz; Ece Kamar; Peter Lee; Yin Tat Lee; Yuanzhi Li; Scott Lundberg; Harsha Nori; Hamid Palangi; Marco Túlio Ribeiro; Yi Zhang,10.48550/arxiv.2303.12712,http://arxiv.org/abs/2303.12712,https://arxiv.org/pdf/2303.12712,False,https://scholar.google.com/scholar?q=Sparks+of+Artificial+General+Intelligence%3A+Early+experiments+with+GPT-4,https://scholar.google.com/scholar?q=two+sided+matching+stability+truthfulness,,,
labor_market,learning_terms,strategic behavior learning agents matching market,Toward the future of psychiatric diagnosis: the seven pillars of RDoC,2013,Bruce N. Cuthbert; Thomas R. Insel,10.1186/1741-7015-11-126,https://doi.org/10.1186/1741-7015-11-126,https://bmcmedicine.biomedcentral.com/counter/pdf/10.1186/1741-7015-11-126,False,https://scholar.google.com/scholar?q=Toward+the+future+of+psychiatric+diagnosis%3A+the+seven+pillars+of+RDoC,https://scholar.google.com/scholar?q=strategic+behavior+learning+agents+matching+market,,,
labor_market,classical_terms,Deferred Acceptance Algorithms History Theory Practice Open Questions Roth,Towards Accountability for Machine Learning Datasets: Practices from Software Engineering and Infrastructure,2021,Ben Hutchinson; Andrew Smart; Alex Hanna; Emily Denton; Christina Greer; Oddur Kjartansson; Parker Barnes; Margaret Mitchell,10.1145/3442188.3445918,https://doi.org/10.1145/3442188.3445918,https://dl.acm.org/doi/pdf/10.1145/3442188.3445918,False,https://scholar.google.com/scholar?q=Towards+Accountability+for+Machine+Learning+Datasets%3A+Practices+from+Software+Engineering+and+Infrastructure,https://scholar.google.com/scholar?q=Deferred+Acceptance+Algorithms+History+Theory+Practice+Open+Questions+Roth,,,
labor_market,classical_terms,College Admissions and the Stability of Marriage Gale Shapley,Contrasting Computational Models of Mate Preference Integration Across 45 Countries,2019,Daniel Conroy‐Beam; David M. Buss; Kelly Asao; Agnieszka Sorokowska; Piotr Sorokowski; Toivo Aavik; Grace Akello; Mohammad Madallh Alhabahba; Charlotte Alm; Naumana Amjad; Afifa Anjum; Chiemezie S. Atama; Derya Atamtürk Duyar; Richard Ayebare; Carlota Batres; Mons Bendixen; Aicha Bensafia; Boris Bizumić; Mahmoud Boussena; Marina Butovskaya; Seda Can; Katarzyna Cantarero; Antonin Carrier; Hakan Çetınkaya; Ilona Croy; Rosa María Cueto; Marcin Czub; Daria Dronova; Seda Dural; İzzet Duyar; Berna Ertuğrul; Agustín Espinosa; Ignacio Estevan; Carla Sofia Esteves; Luxi Fang; Tomasz Frąckowiak; Jorge Contreras Garduño; Karina Ugalde González; Farida Guemaz; Petra Gyuris; Mária Haľamová; Iskra Herak; Marina Horvat; Ivana Hromatko; Chin Ming Hui; Jas Laile Jaafar; Feng Jiang; Konstantinos Kafetsios; Tina Kavčič; Leif Edward Ottesen Kennair; Nicolas Kervyn; Trương Thi Khanh Ha; Imran Ahmed Khilji; Nils Köbis; Hoang Moc Lan; András Láng; Georgina R. Lennard; Ernesto de León; Torun Lindholm; Trinh Thi Linh; Giulia Lopez; Nguyen Van Luot; Álvaro Mailhos; Zoi Manesi; Rocío Martínez; Sarah L. McKerchar; Norbert Meskó; Girishwar Misra; Conal Monaghan; Emanuel C. Mora; Alba Moya-Garófano; Bojan Musil; Jean Carlos Natividade; Agnieszka Niemczyk; George Nizharadze; Elisabeth Oberzaucher; Anna Oleszkiewicz; Mohd Sofian Omar Fauzee; Ike E. Onyishi; Barış Özener; Ariela Francesca Pagani; Vilmantė Pakalniškienė; Miriam Parise; Farid Pazhoohi; Annette Pisanski; Katarzyna Pisanski; Edna Lúcia Tinoco Ponciano; Camelia Popa; Pavol Prokop; Muhammad Rizwan; Mario Sainz; Svjetlana Salkičević; Rūta Sargautytė; Ivan Sarmány-Schuller; Susanne Schmehl; Shivantika Sharad; Razi Sultan Siddiqui; Franco Simonetti; Stanislava Stoyanova; Meri Tadinac,10.1038/s41598-019-52748-8,https://doi.org/10.1038/s41598-019-52748-8,https://www.nature.com/articles/s41598-019-52748-8.pdf,False,https://scholar.google.com/scholar?q=Contrasting+Computational+Models+of+Mate+Preference+Integration+Across+45+Countries,https://scholar.google.com/scholar?q=College+Admissions+and+the+Stability+of+Marriage+Gale+Shapley,,,
labor_market,classical_terms,College Admissions and the Stability of Marriage Gale Shapley,Multi-Agent Reinforcement Learning-Based Resource Allocation for UAV Networks,2019,Jingjing Cui; Yuanwei Liu; Arumugam Nallanathan,10.1109/twc.2019.2935201,https://doi.org/10.1109/twc.2019.2935201,https://ieeexplore.ieee.org/ielx7/7693/8994112/08807386.pdf,False,https://scholar.google.com/scholar?q=Multi-Agent+Reinforcement+Learning-Based+Resource+Allocation+for+UAV+Networks,https://scholar.google.com/scholar?q=College+Admissions+and+the+Stability+of+Marriage+Gale+Shapley,,,
labor_market,classical_terms,two sided matching stability truthfulness,Cognition does not affect perception: Evaluating the evidence for “top-down” effects,2015,Chaz Firestone; Brian J. Scholl,10.1017/s0140525x15000965,https://doi.org/10.1017/s0140525x15000965,https://philpapers.org/archive/FIRCDN.pdf,False,https://scholar.google.com/scholar?q=Cognition+does+not+affect+perception%3A+Evaluating+the+evidence+for+%E2%80%9Ctop-down%E2%80%9D+effects,https://scholar.google.com/scholar?q=two+sided+matching+stability+truthfulness,,,
labor_market,classical_terms,matching markets strategy proof deferred acceptance,Computer Science Curricula 2013: Curriculum Guidelines for Undergraduate Degree Programs in Computer Science,2013,"Sahami, Mehran; Roach, Steve; Cuadros-Vargas, Ernesto; Danyluk, Andrea; Dodge, Ronald; Fisher, Kathleen; France, Robert; Grossman, Dan; Hawthorne, Beth; Katz, Randy; Kumar, Amruth; LeBlanc, Rich; Reed, Dave; Robinson, Brian H.; Seker, Remzi; Thompson, Alfred",10.1145/2534860,https://doi.org/10.1145/2534860,https://dl.acm.org/doi/pdf/10.1145/2534860,False,https://scholar.google.com/scholar?q=Computer+Science+Curricula+2013%3A+Curriculum+Guidelines+for+Undergraduate+Degree+Programs+in+Computer+Science,https://scholar.google.com/scholar?q=matching+markets+strategy+proof+deferred+acceptance,,,
labor_market,classical_terms,matching markets strategy proof deferred acceptance,"American Society of Hematology 2020 guidelines for sickle cell disease: prevention, diagnosis, and treatment of cerebrovascular disease in children and adults",2020,Michael R. DeBaun; Lori C. Jordan; Allison A. King; Jeffrey Schatz; Elliott Vichinsky; C. K. Fox; Robert C. McKinstry; Paul Telfer; Michael A. Kraut; Lubna Daraz; Fenella J. Kirkham; M. Hassan Murad,10.1182/bloodadvances.2019001142,https://doi.org/10.1182/bloodadvances.2019001142,https://watermark.silverchair.com/advancesadv2019001142c.pdf?token=AQECAHi208BE49Ooan9kkhW_Ercy7Dm3ZL_9Cf3qfKAc485ysgAAA-0wggPpBgkqhkiG9w0BBwagggPaMIID1gIBADCCA88GCSqGSIb3DQEHATAeBglghkgBZQMEAS4wEQQMHyt9U0xu_bRjc5cHAgEQgIIDoDxL6dp_eBuh2pSKLHJiWQjFKht-eZyq10sicfOwTMeKSDvjkW-uUj1l_dglGvUoZtr7XrfzD1x7lN2YZuyVC_C6nK86r6fWBMBEdxuZmlZxkFwVTSf3skaBft4kuAU99G_MSBqoOx3mny790gTI3nX3BGbeM2D_IGkDmOtRcjZ51JnQahOyirScd8lYfuqiK1srgIzQ17tChW80e3cGndIcHX92-OEouVUmYGlgYqFD-OGjhssYM1SdsZ_0tKXXc4EDaUfbqfNuhka_6CzluAWqtkDHoki8xOTns5BUn33vLJae7_agctNZvQEQq7zj5TmCLSQDsx5AYXBbx6ZUMqKqBZKaRQUTi_WOegh_CX112vhXrPYnDCIICNvOu8d7W-NK_tAhsSi2BQrPOnRpajqlcO-5_A_Uvz91LlO5a6z0TgUiaKxvFInhQ5IbPBanT4LX_isFyVBGizYocsykBEyFbdVNjawhHF9TTiaeIFOBN5AIePeqdrHEihF_izs9Pki0HSnht0W8MREVRimQynBlIFYbqGA_CKKJYOoYiEuLUk-6_hJWjaMl2NZ0iJzbZmhFv-TaFdMcbWgGcm7J8kQXUAgEGAS-xfX5GuGG5RKZ0Qxp2TMx25HDhj1NmjU91hxGFgOC7rf7Dgrm18ETR2MWfNryIvIgUPs6cuv6lHaYMtB0kCfRW_G59RhlRpMmAU6Jie0mQ3Ko74N5fBvGp6vbwe_aLcjX7mF5pJzKLeBJ4DpsIRz7OcmtjqqG2jXmK607pHBf56yggPVFDnndKPxp3KflxsQQsfbz4L-sf49FpBX7tNUuMeTGPH7V3YPpkgm7CAMZiUIGOoxptobNuR-koN7Na7joXsFU930SooEtAntqOBDumBANhgzWAIb0tGrHWjOEvxgeKF0KKeXfhJyN6_VzO-8BoOF843fJ3jeMzQbQLChmxb6WZJ5AjwS2JwZU4Tg_kV1APFj_A4JLT5t8Il7Eh7TGizrAsw9b73qt2L-BBzcYmB4gFZ21EBACVX-bq2dmOkp0Rn6TND33mtMkc9mkJBqtJMfFJNojGyr0tnYb_QA9W6myIh_mp7fB-394FBZPxa0hTcGWJxJqTbgWseGsLcQSuiSLcQxDrpgtL20CSm_qsLXOoAAV8OmoTPKFyvfEu99S-mRU6tWcIy84nPreyDfJ9MCXg102vEI7i9afNWZz898V1WrtrKXDvMBclD7-Vq3KUQKqvB76bbw,False,https://scholar.google.com/scholar?q=American+Society+of+Hematology+2020+guidelines+for+sickle+cell+disease%3A+prevention%2C+diagnosis%2C+and+treatment+of+cerebrovascular+disease+in+children+and+adults,https://scholar.google.com/scholar?q=matching+markets+strategy+proof+deferred+acceptance,,,
labor_market,classical_terms,matching markets strategy proof deferred acceptance,Technical report: ethical and policy issues in genetic testing and screening of children,2013,Laine Friedman Ross; Howard M. Saal; Karen L. David; Rebecca Rae Anderson,10.1038/gim.2012.176,https://doi.org/10.1038/gim.2012.176,http://www.gimjournal.org/article/S1098360021042465/pdf,False,https://scholar.google.com/scholar?q=Technical+report%3A+ethical+and+policy+issues+in+genetic+testing+and+screening+of+children,https://scholar.google.com/scholar?q=matching+markets+strategy+proof+deferred+acceptance,,,
labor_market,learning_terms,strategic behavior learning agents matching market,"A review on genetic algorithm: past, present, and future",2020,Sourabh Katoch; Sumit Singh Chauhan; Vijay Kumar,10.1007/s11042-020-10139-6,https://doi.org/10.1007/s11042-020-10139-6,https://link.springer.com/content/pdf/10.1007/s11042-020-10139-6.pdf,False,https://scholar.google.com/scholar?q=A+review+on+genetic+algorithm%3A+past%2C+present%2C+and+future,https://scholar.google.com/scholar?q=strategic+behavior+learning+agents+matching+market,,,
labor_market,learning_terms,multi agent learning matching markets,"Antibiotic resistance threats in the United States, 2019",2019,,10.15620/cdc:82532,https://doi.org/10.15620/cdc:82532,https://stacks.cdc.gov/view/cdc/82532/cdc_82532_DS1.pdf,False,https://scholar.google.com/scholar?q=Antibiotic+resistance+threats+in+the+United+States%2C+2019,https://scholar.google.com/scholar?q=multi+agent+learning+matching+markets,,,
labor_market,learning_terms,strategic behavior learning agents matching market,Digital Innovation Management: Reinventing Innovation Management Research in a Digital World,2017,Satish Nambisan; Kalle Lyytinen; Ann Majchrzak; Michael Song,10.25300/misq/2017/41:1.03,https://doi.org/10.25300/misq/2017/41:1.03,https://doi.org/10.25300/misq/2017/41:1.03,False,https://scholar.google.com/scholar?q=Digital+Innovation+Management%3A+Reinventing+Innovation+Management+Research+in+a+Digital+World,https://scholar.google.com/scholar?q=strategic+behavior+learning+agents+matching+market,,,
labor_market,classical_terms,two sided matching stability truthfulness,New Generation of Parton Distributions with Uncertainties from Global QCD Analysis,2002,Jonathan Pumplin; Daniel Robert Stump; Joey Huston; Hung-Liang Lai; Pavel Nadolsky; Wu-Ki Tung,10.1088/1126-6708/2002/07/012,https://doi.org/10.1088/1126-6708/2002/07/012,https://iopscience.iop.org/article/10.1088/1126-6708/2002/07/012/pdf,False,https://scholar.google.com/scholar?q=New+Generation+of+Parton+Distributions+with+Uncertainties+from+Global+QCD+Analysis,https://scholar.google.com/scholar?q=two+sided+matching+stability+truthfulness,,,
labor_market,classical_terms,Gale Shapley deferred acceptance stable matching,What Parents Want: School Preferences and School Choice,2014,Simon Burgess; Ellen Greaves; Anna Vignoles; Deborah Wilson,10.1111/ecoj.12153,https://doi.org/10.1111/ecoj.12153,https://academic.oup.com/ej/article-pdf/125/587/1262/25842140/ej1262.pdf,False,https://scholar.google.com/scholar?q=What+Parents+Want%3A+School+Preferences+and+School+Choice,https://scholar.google.com/scholar?q=Gale+Shapley+deferred+acceptance+stable+matching,,,
labor_market,classical_terms,College Admissions and the Stability of Marriage Gale Shapley,Core in a simple coalition formation game,2001,Suryapratim Banerjee; Hideo Konishi; Tayfun Sönmez,10.1007/s003550000067,https://doi.org/10.1007/s003550000067,https://hdl.handle.net/2027.42/42180,False,https://scholar.google.com/scholar?q=Core+in+a+simple+coalition+formation+game,https://scholar.google.com/scholar?q=College+Admissions+and+the+Stability+of+Marriage+Gale+Shapley,,,
labor_market,learning_terms,reinforcement learning matching markets,"Internet of Things: A Survey on Enabling Technologies, Protocols, and Applications",2015,Ala Al‐Fuqaha; Mohsen Guizani; Mehdi Mohammadi; Mohammed Aledhari; Moussa Ayyash,10.1109/comst.2015.2444095,https://doi.org/10.1109/comst.2015.2444095,https://ieeexplore.ieee.org/ielx7/9739/7331734/07123563.pdf,False,https://scholar.google.com/scholar?q=Internet+of+Things%3A+A+Survey+on+Enabling+Technologies%2C+Protocols%2C+and+Applications,https://scholar.google.com/scholar?q=reinforcement+learning+matching+markets,,,
labor_market,learning_terms,strategic behavior learning agents matching market,Innovation and Creativity in Organizations,2014,Neil Anderson; Kristina Potočnik; Jing Zhou,10.1177/0149206314527128,https://doi.org/10.1177/0149206314527128,https://www.pure.ed.ac.uk/ws/files/14923750/Potocnik_Innovation_and_creativity_in_Organisations.pdf,False,https://scholar.google.com/scholar?q=Innovation+and+Creativity+in+Organizations,https://scholar.google.com/scholar?q=strategic+behavior+learning+agents+matching+market,,,
labor_market,classical_terms,Deferred Acceptance Algorithms History Theory Practice Open Questions Roth,"Consensus development methods, and their use in clinical guideline development.",1998,Murphy Murphy; Black; Lamping; Martin McKee; Sanderson; Askham; Marteau,10.3310/hta2030,https://doi.org/10.3310/hta2030,https://njl-admin.nihr.ac.uk/document/download/2003171,False,https://scholar.google.com/scholar?q=Consensus+development+methods%2C+and+their+use+in+clinical+guideline+development.,https://scholar.google.com/scholar?q=Deferred+Acceptance+Algorithms+History+Theory+Practice+Open+Questions+Roth,,,
labor_market,classical_terms,Deferred Acceptance Algorithms History Theory Practice Open Questions Roth,What Have We Learned from Market Design?,2008,Alvin E. Roth,10.1111/j.1468-0297.2007.02121.x,https://doi.org/10.1111/j.1468-0297.2007.02121.x,https://dash.harvard.edu/bitstreams/7312037c-4b10-6bd4-e053-0100007fdf3b/download,False,https://scholar.google.com/scholar?q=What+Have+We+Learned+from+Market+Design%3F,https://scholar.google.com/scholar?q=Deferred+Acceptance+Algorithms+History+Theory+Practice+Open+Questions+Roth,,,
labor_market,classical_terms,matching markets strategy proof deferred acceptance,Colorectal cancer screening: Clinical guidelines and rationale,1997,Winawer Sj; R. H. Fletcher; L. Miller; Fiona Godlee; M. H. Stolar; CD Mulrow; S H Woolf; S N Glick; Ganiats Tg; Bond Jh; Lester Rosen; J. G. Zapka; S. J. Olsen; FM Giardiello; J. E. Sisk; R. Van Antwerp; Carolyn Brown-Davis; DA Marciniak; R. John Mayer,10.1053/gast.1997.v112.agast970594,https://doi.org/10.1053/gast.1997.v112.agast970594,http://www.gastrojournal.org/article/S0016508597000498/pdf,False,https://scholar.google.com/scholar?q=Colorectal+cancer+screening%3A+Clinical+guidelines+and+rationale,https://scholar.google.com/scholar?q=matching+markets+strategy+proof+deferred+acceptance,,,
labor_market,classical_terms,Deferred Acceptance Algorithms History Theory Practice Open Questions Roth,Patient Safety in the Cardiac Operating Room: Human Factors and Teamwork,2013,Joyce A. Wahr; Richard L. Prager; James H. Abernathy; Elizabeth A. Martinez; Eduardo Salas; Patricia C. Seifert; Robert C. Groom; Bruce D. Spiess; Bruce Searles; Thoralf M. Sundt; Juan A. Sánchez; Scott A. Shappell; Michael Culig; Elizabeth H. Lazzara; David Fitzgerald; Vinod H. Thourani; Pirooz Eghtesady; John S. Ikonomidis; Michael R. England; Frank W. Sellke; Nancy A. Nussmeier,10.1161/cir.0b013e3182a38efa,https://doi.org/10.1161/cir.0b013e3182a38efa,https://www.ahajournals.org/doi/pdf/10.1161/CIR.0b013e3182a38efa,False,https://scholar.google.com/scholar?q=Patient+Safety+in+the+Cardiac+Operating+Room%3A+Human+Factors+and+Teamwork,https://scholar.google.com/scholar?q=Deferred+Acceptance+Algorithms+History+Theory+Practice+Open+Questions+Roth,,,
pricing_arena,classical_terms,Artificial Intelligence Algorithmic Pricing and Collusion Calvano,"Artificial Intelligence, Algorithmic Pricing, and Collusion",2020,Emilio Calvano; Giacomo Calzolari; Vincenzo Denicolò; Sergio Pastorello,10.1257/aer.20190623,https://doi.org/10.1257/aer.20190623,https://art.torvergata.it/bitstream/2108/303883/1/aer.20190623.pdf,False,https://scholar.google.com/scholar?q=Artificial+Intelligence%2C+Algorithmic+Pricing%2C+and+Collusion,https://scholar.google.com/scholar?q=Artificial+Intelligence+Algorithmic+Pricing+and+Collusion+Calvano,,,
pricing_arena,classical_terms,Bertrand competition repeated pricing collusion,Oligopoly Pricing: Old Ideas and New Tools,1999,Xavier Vives,,https://ideas.repec.org/b/mtp/titles/026272040x.html,,False,https://scholar.google.com/scholar?q=Oligopoly+Pricing%3A+Old+Ideas+and+New+Tools,https://scholar.google.com/scholar?q=Bertrand+competition+repeated+pricing+collusion,,,
pricing_arena,classical_terms,Bertrand competition repeated pricing collusion,The Theory of Industrial Organization,1988,Jean Tirole,,https://ideas.repec.org/b/mtp/titles/0262200716.html,,False,https://scholar.google.com/scholar?q=The+Theory+of+Industrial+Organization,https://scholar.google.com/scholar?q=Bertrand+competition+repeated+pricing+collusion,,,
pricing_arena,classical_terms,Artificial Intelligence Algorithmic Pricing and Collusion Calvano,Mapping the Ethicality of Algorithmic Pricing: A Review of Dynamic and Personalized Pricing,2019,Peter Seele; Claus Dierksmeier; Reto Hofstetter; Mario D. Schultz,10.1007/s10551-019-04371-w,https://doi.org/10.1007/s10551-019-04371-w,https://link.springer.com/content/pdf/10.1007/s10551-019-04371-w.pdf,False,https://scholar.google.com/scholar?q=Mapping+the+Ethicality+of+Algorithmic+Pricing%3A+A+Review+of+Dynamic+and+Personalized+Pricing,https://scholar.google.com/scholar?q=Artificial+Intelligence+Algorithmic+Pricing+and+Collusion+Calvano,,,
pricing_arena,classical_terms,Artificial Intelligence Algorithmic Pricing and Collusion Calvano,Algorithmic Pricing and Competition: Empirical Evidence from the German Retail Gasoline Market,2023,Stephanie Assad; Robert Clark; Daniel Ershov; Lei Xu,10.1086/726906,https://doi.org/10.1086/726906,https://discovery.ucl.ac.uk/10187765/1/draft_v15_JPE_main.pdf,False,https://scholar.google.com/scholar?q=Algorithmic+Pricing+and+Competition%3A+Empirical+Evidence+from+the+German+Retail+Gasoline+Market,https://scholar.google.com/scholar?q=Artificial+Intelligence+Algorithmic+Pricing+and+Collusion+Calvano,,,
pricing_arena,learning_terms,multi agent reinforcement learning price competition,A Comprehensive Survey of Multiagent Reinforcement Learning,2008,Lucian Buşoniu; Robert Babuška; Bart De Schutter,10.1109/tsmcc.2007.913919,https://doi.org/10.1109/tsmcc.2007.913919,http://resolver.tudelft.nl/uuid:4c7d3b49-06fc-400c-923e-3903b8d230fe,False,https://scholar.google.com/scholar?q=A+Comprehensive+Survey+of+Multiagent+Reinforcement+Learning,https://scholar.google.com/scholar?q=multi+agent+reinforcement+learning+price+competition,,,
pricing_arena,classical_terms,Artificial Intelligence Algorithmic Pricing and Collusion Calvano,Platform Design When Sellers Use Pricing Algorithms,2023,Justin P. Johnson; Andrew Rhodes; Matthijs R. Wildenbeest,10.3982/ecta19978,https://doi.org/10.3982/ecta19978,https://www.econometricsociety.org/publications/econometrica/2023/09/01/Platform-Design-When-Sellers-Use-Pricing-Algorithms/supp/ecta200601-sup-0001-onlineappendix.pdf,False,https://scholar.google.com/scholar?q=Platform+Design+When+Sellers+Use+Pricing+Algorithms,https://scholar.google.com/scholar?q=Artificial+Intelligence+Algorithmic+Pricing+and+Collusion+Calvano,,,
pricing_arena,learning_terms,algorithmic collusion exploitability reinforcement learning,Reinforcement Learning and Its Applications in Modern Power and Energy Systems: A Review,2020,Di Cao; Weihao Hu; Junbo Zhao; Guozhou Zhang; Bin Zhang; Zhou Liu; Zhe Chen; Frede Blaabjerg,10.35833/mpce.2020.000552,https://doi.org/10.35833/mpce.2020.000552,https://ieeexplore.ieee.org/ielx7/8685265/9275608/09275593.pdf,False,https://scholar.google.com/scholar?q=Reinforcement+Learning+and+Its+Applications+in+Modern+Power+and+Energy+Systems%3A+A+Review,https://scholar.google.com/scholar?q=algorithmic+collusion+exploitability+reinforcement+learning,,,
pricing_arena,learning_terms,algorithmic collusion exploitability reinforcement learning,Learning dynamics in social dilemmas,2002,Michael W. Macy; Andreas Flache,10.1073/pnas.092080099,https://doi.org/10.1073/pnas.092080099,https://pure.rug.nl/ws/files/6666765/flachea-learning.pdf,False,https://scholar.google.com/scholar?q=Learning+dynamics+in+social+dilemmas,https://scholar.google.com/scholar?q=algorithmic+collusion+exploitability+reinforcement+learning,,,
pricing_arena,classical_terms,Bertrand competition repeated pricing collusion,"Search, Obfuscation, and Price Elasticities on the Internet",2009,Glenn Ellison; Sara Fisher Ellison,10.3982/ecta5708,https://doi.org/10.3982/ecta5708,https://onlinelibrary.wiley.com/doi/pdfdirect/10.3982/ECTA5708,False,https://scholar.google.com/scholar?q=Search%2C+Obfuscation%2C+and+Price+Elasticities+on+the+Internet,https://scholar.google.com/scholar?q=Bertrand+competition+repeated+pricing+collusion,,,
pricing_arena,classical_terms,Artificial Intelligence Algorithmic Pricing and Collusion Calvano,Leveraging Artificial Intelligence in Marketing for Social Good—An Ethical Perspective,2021,Erik Hermann,10.1007/s10551-021-04843-y,https://doi.org/10.1007/s10551-021-04843-y,https://link.springer.com/content/pdf/10.1007/s10551-021-04843-y.pdf,False,https://scholar.google.com/scholar?q=Leveraging+Artificial+Intelligence+in+Marketing+for+Social+Good%E2%80%94An+Ethical+Perspective,https://scholar.google.com/scholar?q=Artificial+Intelligence+Algorithmic+Pricing+and+Collusion+Calvano,,,
pricing_arena,classical_terms,Bertrand competition repeated pricing collusion,"Search, Obfuscation, and Price Elasticities on the Internet",2004,Glenn Ellison; Sara Fisher Ellison,10.3386/w10570,https://doi.org/10.3386/w10570,https://doi.org/10.3386/w10570,False,https://scholar.google.com/scholar?q=Search%2C+Obfuscation%2C+and+Price+Elasticities+on+the+Internet,https://scholar.google.com/scholar?q=Bertrand+competition+repeated+pricing+collusion,,,
pricing_arena,learning_terms,deep reinforcement learning pricing competition collusion,Artificial Intelligence and Machine Learning Technology Driven Modern Drug Discovery and Development,2023,Chayna Sarkar; Biswadeep Das; Vikram Singh Rawat; Julie Birdie Wahlang; Arvind Nongpiur; Iadarilang Tiewsoh; Nari M Lyngdoh; Debasmita Das; Manjunath Bidarolli; Hannah Theresa Sony,10.3390/ijms24032026,https://doi.org/10.3390/ijms24032026,https://www.mdpi.com/1422-0067/24/3/2026/pdf?version=1675066963,False,https://scholar.google.com/scholar?q=Artificial+Intelligence+and+Machine+Learning+Technology+Driven+Modern+Drug+Discovery+and+Development,https://scholar.google.com/scholar?q=deep+reinforcement+learning+pricing+competition+collusion,,,
pricing_arena,classical_terms,algorithmic collusion price caps regulation,Measuring Market Inefficiencies in California's Restructured Wholesale Electricity Market,2002,Severin Borenstein; James Bushnell; Frank A. Wolak,10.1257/000282802762024557,https://doi.org/10.1257/000282802762024557,https://escholarship.org/content/qt2159m46p/qt2159m46p.pdf,False,https://scholar.google.com/scholar?q=Measuring+Market+Inefficiencies+in+California%27s+Restructured+Wholesale+Electricity+Market,https://scholar.google.com/scholar?q=algorithmic+collusion+price+caps+regulation,,,
pricing_arena,learning_terms,multi agent reinforcement learning price competition,"Review of deep learning: concepts, CNN architectures, challenges, applications, future directions",2021,Laith Alzubaidi; Jinglan Zhang; Amjad J. Humaidi; Ayad Q. Al-Dujaili; Ye Duan; Omran Al-Shamma; José Santamaría; Mohammed A. Fadhel; Muthana Al‐Amidie; Laith Farhan,10.1186/s40537-021-00444-8,https://doi.org/10.1186/s40537-021-00444-8,https://journalofbigdata.springeropen.com/counter/pdf/10.1186/s40537-021-00444-8,False,https://scholar.google.com/scholar?q=Review+of+deep+learning%3A+concepts%2C+CNN+architectures%2C+challenges%2C+applications%2C+future+directions,https://scholar.google.com/scholar?q=multi+agent+reinforcement+learning+price+competition,,,
pricing_arena,learning_terms,multi agent reinforcement learning price competition,Advances and Open Problems in Federated Learning,2020,Peter Kairouz; H. Brendan McMahan; Brendan Avent; Aurélien Bellet; Mehdi Bennis; Arjun Nitin Bhagoji; Kallista Bonawitz; Zachary Charles; Graham Cormode; Rachel Cummings; Rafael G. L. D’Oliveira; Hubert Eichner; Salim El Rouayheb; David Evans; Joshua Gardner; Zachary Garrett; Adrià Gascón; Badih Ghazi; Phillip B. Gibbons; Marco Gruteser; Zaïd Harchaoui; Chaoyang He; Lingxiao He; Zhouyuan Huo; Ben Hutchinson; Justin Hsu; Martin Jaggi; Tara Javidi; Gauri Joshi; Mikhail Khodak; Jakub Konečný; Aleksandra Korolova; Farinaz Koushanfar; Sanmi Koyejo; Tancrède Lepoint; Yang Liu; Prateek Mittal; Mehryar Mohri; Richard Nock; Ayfer Özgür; Rasmus Pagh; Hang Qi; Daniel Ramage; Ramesh Raskar; Mariana Raykova; Dawn Song; Weikang Song; Sebastian U. Stich; Ziteng Sun; Ananda Theertha Suresh; Florian Tramèr; Praneeth Vepakomma; Jianyu Wang; Li Xiong; Zheng Xu; Qiang Yang; Felix X. Yu; Han Yu; Sen Zhao,10.1561/2200000083,https://doi.org/10.1561/2200000083,https://arxiv.org/pdf/1912.04977,False,https://scholar.google.com/scholar?q=Advances+and+Open+Problems+in+Federated+Learning,https://scholar.google.com/scholar?q=multi+agent+reinforcement+learning+price+competition,,,
pricing_arena,classical_terms,Bertrand competition repeated pricing collusion,Essential medicines for universal health coverage,2016,Veronika J. Wirtz; Hans V. Hogerzeil; Andrew L Gray; Maryam Bigdeli; Cornelis P de Joncheere; Margaret Ewen; Martha Gyansa‐Lutterodt; Sun Jing; Vera Lúcia Luiza; Regina M Mbindyo; Helene Möller; Corrina Moucheraud; Bernard Pécoul; Lembit Rägo; Arash Rashidian; Dennis Ross‐Degnan; Peter Stephens; Yot Teerawattananon; Ellen ‘t Hoen; Anita K. Wagner; Prashant Yadav; Michael R. Reich,10.1016/s0140-6736(16)31599-9,https://doi.org/10.1016/s0140-6736(16)31599-9,http://www.thelancet.com/article/S0140673616315999/pdf,False,https://scholar.google.com/scholar?q=Essential+medicines+for+universal+health+coverage,https://scholar.google.com/scholar?q=Bertrand+competition+repeated+pricing+collusion,,,
pricing_arena,classical_terms,algorithmic collusion price caps regulation,Climate Clubs: Overcoming Free-riding in International Climate Policy,2015,William D. Nordhaus,10.1257/aer.15000001,https://doi.org/10.1257/aer.15000001,https://www.aeaweb.org/articles/pdf/doi/10.1257/aer.15000001,False,https://scholar.google.com/scholar?q=Climate+Clubs%3A+Overcoming+Free-riding+in+International+Climate+Policy,https://scholar.google.com/scholar?q=algorithmic+collusion+price+caps+regulation,,,
pricing_arena,classical_terms,Calvano algorithmic pricing Q learning,"Biomarkers as Biomedical Bioindicators: Approaches and Techniques for the Detection, Analysis, and Validation of Novel Biomarkers of Diseases",2023,Anas Ahmad; Mohammad Imran; Haseeb Ahsan,10.3390/pharmaceutics15061630,https://doi.org/10.3390/pharmaceutics15061630,https://www.mdpi.com/1999-4923/15/6/1630/pdf?version=1685525184,False,https://scholar.google.com/scholar?q=Biomarkers+as+Biomedical+Bioindicators%3A+Approaches+and+Techniques+for+the+Detection%2C+Analysis%2C+and+Validation+of+Novel+Biomarkers+of+Diseases,https://scholar.google.com/scholar?q=Calvano+algorithmic+pricing+Q+learning,,,
pricing_arena,learning_terms,algorithmic collusion exploitability reinforcement learning,"Rate-Splitting Multiple Access: Fundamentals, Survey, and Future Research Trends",2022,Yijie Mao; Onur Dizdar; Bruno Clerckx; Robert Schober; Petar Popovski; H. Vincent Poor,10.1109/comst.2022.3191937,https://doi.org/10.1109/comst.2022.3191937,https://arxiv.org/pdf/2201.03192,False,https://scholar.google.com/scholar?q=Rate-Splitting+Multiple+Access%3A+Fundamentals%2C+Survey%2C+and+Future+Research+Trends,https://scholar.google.com/scholar?q=algorithmic+collusion+exploitability+reinforcement+learning,,,
pricing_arena,classical_terms,algorithmic collusion price caps regulation,Transportation Costs and International Trade in the Second Era of Globalization,2007,David Hummels,10.1257/jep.21.3.131,https://doi.org/10.1257/jep.21.3.131,https://www.aeaweb.org/articles/pdf/doi/10.1257/jep.21.3.131,False,https://scholar.google.com/scholar?q=Transportation+Costs+and+International+Trade+in+the+Second+Era+of+Globalization,https://scholar.google.com/scholar?q=algorithmic+collusion+price+caps+regulation,,,
pricing_arena,learning_terms,deep reinforcement learning pricing competition collusion,Innovation and Cooperation: Implications for Competition and Antitrust,1990,Thomas M. Jorde; David J. Teece,10.1257/jep.4.3.75,https://doi.org/10.1257/jep.4.3.75,https://www.aeaweb.org/articles/pdf/doi/10.1257/jep.4.3.75,False,https://scholar.google.com/scholar?q=Innovation+and+Cooperation%3A+Implications+for+Competition+and+Antitrust,https://scholar.google.com/scholar?q=deep+reinforcement+learning+pricing+competition+collusion,,,
pricing_arena,learning_terms,multi agent reinforcement learning price competition,Network Function Virtualization: State-of-the-Art and Research Challenges,2015,Rashid Mijumbi; Joan Serrat; Juan‐Luis Gorricho; Niels Bouten; Filip De Turck; Raouf Boutaba,10.1109/comst.2015.2477041,https://doi.org/10.1109/comst.2015.2477041,https://arxiv.org/pdf/1509.07675,False,https://scholar.google.com/scholar?q=Network+Function+Virtualization%3A+State-of-the-Art+and+Research+Challenges,https://scholar.google.com/scholar?q=multi+agent+reinforcement+learning+price+competition,,,
pricing_arena,classical_terms,algorithmic collusion price caps regulation,From Cashews to Nudges: The Evolution of Behavioral Economics,2018,Richard H. Thaler,10.1257/aer.108.6.1265,https://doi.org/10.1257/aer.108.6.1265,https://pubs.aeaweb.org/doi/pdfplus/10.1257/aer.108.6.1265,False,https://scholar.google.com/scholar?q=From+Cashews+to+Nudges%3A+The+Evolution+of+Behavioral+Economics,https://scholar.google.com/scholar?q=algorithmic+collusion+price+caps+regulation,,,
pricing_arena,learning_terms,algorithmic collusion exploitability reinforcement learning,"Security and Privacy for Green IoT-Based Agriculture: Review, Blockchain Solutions, and Challenges",2020,Mohamed Amine Ferrag; Lei Shu; Xing Yang; Abdelouahid Derhab; Λέανδρος Μαγλαράς,10.1109/access.2020.2973178,https://doi.org/10.1109/access.2020.2973178,https://ieeexplore.ieee.org/ielx7/6287639/8948470/08993722.pdf,False,https://scholar.google.com/scholar?q=Security+and+Privacy+for+Green+IoT-Based+Agriculture%3A+Review%2C+Blockchain+Solutions%2C+and+Challenges,https://scholar.google.com/scholar?q=algorithmic+collusion+exploitability+reinforcement+learning,,,
pricing_arena,classical_terms,Bertrand competition repeated pricing collusion,The Boundaries of the Firm Revisited,1998,Bengt Holmström; John Roberts,10.1257/jep.12.4.73,https://doi.org/10.1257/jep.12.4.73,https://www.aeaweb.org/articles/pdf/doi/10.1257/jep.12.4.73,False,https://scholar.google.com/scholar?q=The+Boundaries+of+the+Firm+Revisited,https://scholar.google.com/scholar?q=Bertrand+competition+repeated+pricing+collusion,,,
pricing_arena,learning_terms,deep reinforcement learning pricing competition collusion,Blockchain for 5G and beyond networks: A state of the art survey,2020,Dinh C. Nguyen; Pubudu N. Pathirana; Ming Ding; Aruna Seneviratne,10.1016/j.jnca.2020.102693,https://doi.org/10.1016/j.jnca.2020.102693,https://arxiv.org/pdf/1912.05062,False,https://scholar.google.com/scholar?q=Blockchain+for+5G+and+beyond+networks%3A+A+state+of+the+art+survey,https://scholar.google.com/scholar?q=deep+reinforcement+learning+pricing+competition+collusion,,,
pricing_arena,classical_terms,algorithmic collusion price caps regulation,Energy-theft detection issues for advanced metering infrastructure in smart grid,2014,Rong Jiang; Rongxing Lu; Ye Wang; Jun Luo; Shen Chang-xiang; Xuemin Shen,10.1109/tst.2014.6787363,https://doi.org/10.1109/tst.2014.6787363,https://ieeexplore.ieee.org/ielx7/5971803/6787360/06787363.pdf,False,https://scholar.google.com/scholar?q=Energy-theft+detection+issues+for+advanced+metering+infrastructure+in+smart+grid,https://scholar.google.com/scholar?q=algorithmic+collusion+price+caps+regulation,,,
pricing_arena,learning_terms,deep reinforcement learning pricing competition collusion,The Economics of Two-Sided Markets,2009,Marc Rysman,10.1257/jep.23.3.125,https://doi.org/10.1257/jep.23.3.125,https://www.aeaweb.org/articles/pdf/doi/10.1257/jep.23.3.125,False,https://scholar.google.com/scholar?q=The+Economics+of+Two-Sided+Markets,https://scholar.google.com/scholar?q=deep+reinforcement+learning+pricing+competition+collusion,,,
pricing_arena,learning_terms,multi agent reinforcement learning price competition,"Clarifying Business Models: Origins, Present, and Future of the Concept",2005,Alexander Osterwalder; Yves Pigneur; Christopher L. Tucci,10.17705/1cais.01601,https://doi.org/10.17705/1cais.01601,https://aisel.aisnet.org/cgi/viewcontent.cgi?article=3016&context=cais,False,https://scholar.google.com/scholar?q=Clarifying+Business+Models%3A+Origins%2C+Present%2C+and+Future+of+the+Concept,https://scholar.google.com/scholar?q=multi+agent+reinforcement+learning+price+competition,,,
public_goods,classical_terms,Cooperation and Punishment in Public Goods Experiments Fehr Gachter,THE EFFECT OF REWARDS AND SANCTIONS IN PROVISION OF PUBLIC GOODS,2007,Martín Sefton; Robert Shupp; James M. Walker,10.1111/j.1465-7295.2007.00051.x,https://doi.org/10.1111/j.1465-7295.2007.00051.x,http://econfac.bsu.edu/research/workingpapers/bsuecwp200504sefton.pdf,False,https://scholar.google.com/scholar?q=THE+EFFECT+OF+REWARDS+AND+SANCTIONS+IN+PROVISION+OF+PUBLIC+GOODS,https://scholar.google.com/scholar?q=Cooperation+and+Punishment+in+Public+Goods+Experiments+Fehr+Gachter,,,
public_goods,classical_terms,public goods game free rider equilibrium punishment,Why Does Ethnic Diversity Undermine Public Goods Provision?,2007,James Habyarimana; Macartan Humphreys; Daniel Posner; Jeremy M. Weinstein,10.1017/s0003055407070499,https://doi.org/10.1017/s0003055407070499,https://escholarship.org/content/qt2km4r4dn/qt2km4r4dn.pdf?t=lnq4dm,False,https://scholar.google.com/scholar?q=Why+Does+Ethnic+Diversity+Undermine+Public+Goods+Provision%3F,https://scholar.google.com/scholar?q=public+goods+game+free+rider+equilibrium+punishment,,,
public_goods,classical_terms,public goods game free rider equilibrium punishment,“Economic man” in cross-cultural perspective: Behavioral experiments in 15 small-scale societies,2005,Joseph Henrich; Robert Boyd; Samuel Bowles; Colin F. Camerer; Ernst Fehr; Herbert Gintis; Richard McElreath; Michael Alvard; Abigail Barr; Jean Ensminger; Natalie Henrich; Kim Hill; Francisco Gil-White; Michael Gurven; Frank W. Marlowe; John Q. Patton; David P. Tracer,10.1017/s0140525x05000142,https://doi.org/10.1017/s0140525x05000142,https://www.cambridge.org/core/services/aop-cambridge-core/content/view/6EFFD9263D9A5F2FE5DE9DE8FBBA4988/S0140525X05000142a.pdf/div-class-title-economic-man-in-cross-cultural-perspective-behavioral-experiments-in-15-small-scale-societies-div.pdf,False,https://scholar.google.com/scholar?q=%E2%80%9CEconomic+man%E2%80%9D+in+cross-cultural+perspective%3A+Behavioral+experiments+in+15+small-scale+societies,https://scholar.google.com/scholar?q=public+goods+game+free+rider+equilibrium+punishment,,,
public_goods,classical_terms,The voluntary provision of public goods Isaac Walker Williams,Self-governance and forest resources,1999,Элинор Остром,10.17528/cifor/000536,https://doi.org/10.17528/cifor/000536,https://www.cifor.org/publications/pdf_files/OccPapers/OP-20.pdf,False,https://scholar.google.com/scholar?q=Self-governance+and+forest+resources,https://scholar.google.com/scholar?q=The+voluntary+provision+of+public+goods+Isaac+Walker+Williams,,,
public_goods,classical_terms,The voluntary provision of public goods Isaac Walker Williams,Conditional Cooperation and Voluntary Contributions to Public Goods,2000,Claudia Keser; Frans van Winden,10.1111/1467-9442.00182,https://doi.org/10.1111/1467-9442.00182,,False,https://scholar.google.com/scholar?q=Conditional+Cooperation+and+Voluntary+Contributions+to+Public+Goods,https://scholar.google.com/scholar?q=The+voluntary+provision+of+public+goods+Isaac+Walker+Williams,,,
public_goods,learning_terms,multi agent reinforcement learning public goods game,Bounds on Multiprocessing Timing Anomalies,1969,Ron Graham,10.1137/0117039,https://doi.org/10.1137/0117039,,False,https://scholar.google.com/scholar?q=Bounds+on+Multiprocessing+Timing+Anomalies,https://scholar.google.com/scholar?q=multi+agent+reinforcement+learning+public+goods+game,,,
public_goods,learning_terms,multi agent reinforcement learning tragedy of the commons,"Cooperation and Contagion in Web-Based, Networked Public Goods Experiments",2011,Siddharth Suri; Duncan J. Watts,10.1371/journal.pone.0016836,https://doi.org/10.1371/journal.pone.0016836,,False,https://scholar.google.com/scholar?q=Cooperation+and+Contagion+in+Web-Based%2C+Networked+Public+Goods+Experiments,https://scholar.google.com/scholar?q=multi+agent+reinforcement+learning+tragedy+of+the+commons,,,
public_goods,learning_terms,reinforcement learning common pool resource sustainability,"A Survey on Knowledge Graphs: Representation, Acquisition, and Applications",2021,Shaoxiong Ji; Shirui Pan; Erik Cambria; Pekka Marttinen; Philip S. Yu,10.1109/tnnls.2021.3070843,https://doi.org/10.1109/tnnls.2021.3070843,https://arxiv.org/pdf/2002.00388,False,https://scholar.google.com/scholar?q=A+Survey+on+Knowledge+Graphs%3A+Representation%2C+Acquisition%2C+and+Applications,https://scholar.google.com/scholar?q=reinforcement+learning+common+pool+resource+sustainability,,,
public_goods,classical_terms,public goods game free rider equilibrium punishment,"Testing Theories of American Politics: Elites, Interest Groups, and Average Citizens",2014,Martin Gilens; Benjamin I. Page,10.1017/s1537592714001595,https://doi.org/10.1017/s1537592714001595,https://www.cambridge.org/core/services/aop-cambridge-core/content/view/62327F513959D0A304D4893B382B992B/S1537592714001595a.pdf/div-class-title-testing-theories-of-american-politics-elites-interest-groups-and-average-citizens-div.pdf,False,https://scholar.google.com/scholar?q=Testing+Theories+of+American+Politics%3A+Elites%2C+Interest+Groups%2C+and+Average+Citizens,https://scholar.google.com/scholar?q=public+goods+game+free+rider+equilibrium+punishment,,,
public_goods,classical_terms,Cooperation and Punishment in Public Goods Experiments Fehr Gachter,The personal norm of reciprocity,2003,Marco Perugini; Marcello Gallucci; Fabio Presaghi; Anna Paola Ercolani,10.1002/per.474,https://doi.org/10.1002/per.474,https://research.vu.nl/en/publications/eeb7d6f7-80ba-40e2-aaae-6b243988441e,False,https://scholar.google.com/scholar?q=The+personal+norm+of+reciprocity,https://scholar.google.com/scholar?q=Cooperation+and+Punishment+in+Public+Goods+Experiments+Fehr+Gachter,,,
public_goods,classical_terms,common pool resource contribution extraction regeneration,TRY – a global database of plant traits,2011,Jens Kattge; Soledad Dı́az; Sandra Lavorel; I. Colin Prentice; Paul Leadley; Gerhard Bönisch; Éric Garnier; Mark Westoby; Peter B. Reich; Ian J. Wright; J. H. C. Cornelissen; Cyrille Violle; Sandy P. Harrison; Peter M. van Bodegom; Markus Reichstein; Brian J. Enquist; Nadejda A. Soudzilovskaia; David D. Ackerly; M. Anand; Owen K. Atkin; Michael Bahn; Timothy R. Baker; Dennis Baldocchi; R.M. Bekker; C. Blanco; Benjamin Blonder; William J. Bond; Ross A. Bradstock; Dan Bunker; Fernando Casanoves; Jeannine Cavender‐Bares; Jeffrey Q. Chambers; F. Stuart Chapin; Jérôme Chave; David A. Coomes; William K. Cornwell; Joseph M. Craine; Barbara Dobrin; Leandro Duarte; Walter Durka; James J. Elser; G. Esser; Marc Estiarte; William F. Fagan; Jinwei Fang; Fernando Fernández‐Méndez; Alessandra Fidélis; Bryan Finegan; Olivier Flores; HENRY FORD; Dorothea Frank; Grégoire T. Freschet; Nikolaos M. Fyllas; Rachael V. Gallagher; W. A. GREEN; Álvaro G. Gutiérrez; Thomas Hickler; Steven I. Higgins; J. G. Hodgson; Amir Jalili; Steven Jansen; Carlos Alfredo Joly; Andrew J. Kerkhoff; Donald W. Kirkup; Kaoru Kitajima; Michael Kleyer; Stefan Klotz; Johannes M. H. Knops; K. Krämer; Ingolf Kühn; H. Kurokawa; Daniel C. Laughlin; Tali D. Lee; Michelle R. Leishman; Frederic Lens; Tanja I. Lenz; Simon L. Lewis; Jon Lloyd; Joan Llusià; Frédérique Louault; Sai Ma; Miguel D. Mahecha; Peter Manning; Tara Joy Massad; Belinda E. Medlyn; J. Messier; Angela T. Moles; Sandra Cristina Müller; Karin Nadrowski; S. NAEEM; Ülo Niinemets; Stephanie Nöllert; Alison Nuske; Romà Ogaya; Jacek Oleksyn; V. G. Onipchenko; Yusuke Onoda; Jenny Ordóñez; Gerhard E. Overbeck; W.A. Ozinga,10.1111/j.1365-2486.2011.02451.x,https://doi.org/10.1111/j.1365-2486.2011.02451.x,https://www.osti.gov/servlets/purl/1625888,False,https://scholar.google.com/scholar?q=TRY+%E2%80%93+a+global+database+of+plant+traits,https://scholar.google.com/scholar?q=common+pool+resource+contribution+extraction+regeneration,,,
public_goods,learning_terms,multi agent reinforcement learning tragedy of the commons,Disgust as an adaptive system for disease avoidance behaviour,2011,Valérie Curtis; Mícheál de Barra; Robert Aunger,10.1098/rstb.2010.0117,https://doi.org/10.1098/rstb.2010.0117,https://royalsocietypublishing.org/doi/pdf/10.1098/rstb.2010.0117,False,https://scholar.google.com/scholar?q=Disgust+as+an+adaptive+system+for+disease+avoidance+behaviour,https://scholar.google.com/scholar?q=multi+agent+reinforcement+learning+tragedy+of+the+commons,,,
public_goods,classical_terms,common pool resource contribution extraction regeneration,Reporting animal research: Explanation and elaboration for the ARRIVE guidelines 2.0,2020,Nathalie Percie du Sert; Amrita Ahluwalia; Sabina Alam; Marc T. Avey; Monya Baker; William J. Browne; Alejandra Clark; Innes C. Cuthill; Ulrich Dirnagl; Michael Emerson; Paul Garner; Stephen T. Holgate; David W. Howells; Viki Hurst; Natasha A. Karp; Stanley E. Lazic; Katie Lidster; Catriona MacCallum; Malcolm Macleod; Esther J. Pearl; Ole H. Petersen; Frances Rawle; Penny S. Reynolds; Kieron Rooney; Emily S. Sena; Shai D. Silberberg; Thomas Steckler; Hanno Würbel,10.1371/journal.pbio.3000411,https://doi.org/10.1371/journal.pbio.3000411,https://journals.plos.org/plosbiology/article/file?id=10.1371/journal.pbio.3000411&type=printable,False,https://scholar.google.com/scholar?q=Reporting+animal+research%3A+Explanation+and+elaboration+for+the+ARRIVE+guidelines+2.0,https://scholar.google.com/scholar?q=common+pool+resource+contribution+extraction+regeneration,,,
public_goods,learning_terms,multi agent reinforcement learning public goods game,The Theory and Practice of Online Learning,2008,,10.15215/aupress/9781897425084.01,https://doi.org/10.15215/aupress/9781897425084.01,https://www.aupress.ca/app/uploads/120146_99Z_Anderson_2008-Theory_and_Practice_of_Online_Learning.pdf,False,https://scholar.google.com/scholar?q=The+Theory+and+Practice+of+Online+Learning,https://scholar.google.com/scholar?q=multi+agent+reinforcement+learning+public+goods+game,,,
public_goods,classical_terms,public goods game free rider equilibrium punishment,Incorporating Fairness into Game Theory and Economics,1992,Matthew Rabin,,,http://www.dklevine.com/archive/refs4511.pdf,False,https://scholar.google.com/scholar?q=Incorporating+Fairness+into+Game+Theory+and+Economics,https://scholar.google.com/scholar?q=public+goods+game+free+rider+equilibrium+punishment,,,
public_goods,classical_terms,Cooperation and Punishment in Public Goods Experiments Fehr Gachter,The behavioralist as tax collector: Using natural field experiments to enhance tax compliance,2017,Michael Hallsworth; John A. List; Robert Metcalfe; Ivo Vlaev,10.1016/j.jpubeco.2017.02.003,https://doi.org/10.1016/j.jpubeco.2017.02.003,https://www.sciencedirect.com/science/article/pii/S0047272717300166,False,https://scholar.google.com/scholar?q=The+behavioralist+as+tax+collector%3A+Using+natural+field+experiments+to+enhance+tax+compliance,https://scholar.google.com/scholar?q=Cooperation+and+Punishment+in+Public+Goods+Experiments+Fehr+Gachter,,,
public_goods,classical_terms,Cooperation and Punishment in Public Goods Experiments Fehr Gachter,Cultural group selection plays an essential role in explaining human cooperation: A sketch of the evidence,2014,Peter J. Richerson; Ryan Baldini; Adrian V. Bell; Kathryn Demps; Karl Frost; Vicken Hillis; Sarah Mathew; Emily K. Newton; Nicole Naar; Lesley Newson; Cody T. Ross; Paul E. Smaldino; Timothy M. Waring; Matthew Zefferman,10.1017/s0140525x1400106x,https://doi.org/10.1017/s0140525x1400106x,https://www.cambridge.org/core/services/aop-cambridge-core/content/view/638ED0187A9727D9D327661A91DE0759/S0140525X1400106Xa.pdf/div-class-title-cultural-group-selection-plays-an-essential-role-in-explaining-human-cooperation-a-sketch-of-the-evidence-div.pdf,False,https://scholar.google.com/scholar?q=Cultural+group+selection+plays+an+essential+role+in+explaining+human+cooperation%3A+A+sketch+of+the+evidence,https://scholar.google.com/scholar?q=Cooperation+and+Punishment+in+Public+Goods+Experiments+Fehr+Gachter,,,
public_goods,learning_terms,reinforcement learning common pool resource sustainability,Interventions for preventing obesity in children,2019,Tamara Brown; Theresa HM Moore; Lee Hooper; Yang Gao; Amir Zayegh; Sharea Ijaz; Martha Elwenspoek; Sophie C Foxen; Lucia Magee; Claire O’Malley; Elizabeth Waters; Carolyn Summerbell,10.1002/14651858.cd001871.pub4,https://doi.org/10.1002/14651858.cd001871.pub4,https://www.cochranelibrary.com/cdsr/doi/10.1002/14651858.CD001871.pub4/pdf/full,False,https://scholar.google.com/scholar?q=Interventions+for+preventing+obesity+in+children,https://scholar.google.com/scholar?q=reinforcement+learning+common+pool+resource+sustainability,,,
public_goods,classical_terms,Cooperation and Punishment in Public Goods Experiments Fehr Gachter,What Do Laboratory Experiments Measuring Social Preferences Reveal About the Real World?,2007,Steven D. Levitt; John A. List,10.1257/jep.21.2.153,https://doi.org/10.1257/jep.21.2.153,https://www.aeaweb.org/articles/pdf/doi/10.1257/jep.21.2.153,False,https://scholar.google.com/scholar?q=What+Do+Laboratory+Experiments+Measuring+Social+Preferences+Reveal+About+the+Real+World%3F,https://scholar.google.com/scholar?q=Cooperation+and+Punishment+in+Public+Goods+Experiments+Fehr+Gachter,,,
public_goods,learning_terms,multi agent reinforcement learning tragedy of the commons,Human- versus Artificial Intelligence,2021,J.E. Korteling; G. C. van de Boer-Visschedijk; Romy Blankendaal; Rudy Boonekamp; A.R. Eikelboom,10.3389/frai.2021.622364,https://doi.org/10.3389/frai.2021.622364,https://www.frontiersin.org/articles/10.3389/frai.2021.622364/pdf,False,https://scholar.google.com/scholar?q=Human-+versus+Artificial+Intelligence,https://scholar.google.com/scholar?q=multi+agent+reinforcement+learning+tragedy+of+the+commons,,,
public_goods,learning_terms,reinforcement learning common pool resource sustainability,Event-Based Vision: A Survey,2020,Guillermo Gallego; Tobi Delbruck; Garrick Orchard; Chiara Bartolozzi; Brian Taba; Andrea Censi; Stefan Leutenegger; Andrew J. Davison; Jorg Conradt; Kostas Daniilidis; Davide Scaramuzza,10.1109/tpami.2020.3008413,https://doi.org/10.1109/tpami.2020.3008413,https://ieeexplore.ieee.org/ielx7/34/9639876/09138762.pdf,False,https://scholar.google.com/scholar?q=Event-Based+Vision%3A+A+Survey,https://scholar.google.com/scholar?q=reinforcement+learning+common+pool+resource+sustainability,,,
public_goods,learning_terms,reinforcement learning common pool resource sustainability,Machine Learning in Agriculture: A Review,2018,Κωνσταντίνος Λιάκος; Patrizia Busato; Dimitrios Moshou; Simon Pearson; Dionysis Bochtis,10.3390/s18082674,https://doi.org/10.3390/s18082674,https://www.mdpi.com/1424-8220/18/8/2674/pdf?version=1534247979,False,https://scholar.google.com/scholar?q=Machine+Learning+in+Agriculture%3A+A+Review,https://scholar.google.com/scholar?q=reinforcement+learning+common+pool+resource+sustainability,,,
public_goods,classical_terms,Cooperation and Punishment in Public Goods Experiments Fehr Gachter,Swift Neighbors and Persistent Strangers: A Cross‐Cultural Investigation of Trust and Reciprocity in Social Exchange,2002,Nancy R. Buchan; Rachel Croson; Robyn M. Dawes,10.1086/344546,https://doi.org/10.1086/344546,https://repository.upenn.edu/bitstreams/5d6fb392-d90b-4fde-8517-f4c1b6f3506e/download,False,https://scholar.google.com/scholar?q=Swift+Neighbors+and+Persistent+Strangers%3A+A+Cross%E2%80%90Cultural+Investigation+of+Trust+and+Reciprocity+in+Social+Exchange,https://scholar.google.com/scholar?q=Cooperation+and+Punishment+in+Public+Goods+Experiments+Fehr+Gachter,,,
public_goods,learning_terms,multi agent reinforcement learning tragedy of the commons,Evolution and behavioural responses to human‐induced rapid environmental change,2011,Andrew Sih; Maud C. O. Ferrari; David J. Harris,10.1111/j.1752-4571.2010.00166.x,https://doi.org/10.1111/j.1752-4571.2010.00166.x,https://onlinelibrary.wiley.com/doi/pdfdirect/10.1111/j.1752-4571.2010.00166.x,False,https://scholar.google.com/scholar?q=Evolution+and+behavioural+responses+to+human%E2%80%90induced+rapid+environmental+change,https://scholar.google.com/scholar?q=multi+agent+reinforcement+learning+tragedy+of+the+commons,,,
public_goods,classical_terms,The voluntary provision of public goods Isaac Walker Williams,Digital Economics,2019,Avi Goldfarb; Catherine E. Tucker,10.1257/jel.20171452,https://doi.org/10.1257/jel.20171452,https://www.aeaweb.org/articles/pdf/doi/10.1257/jel.20171452,False,https://scholar.google.com/scholar?q=Digital+Economics,https://scholar.google.com/scholar?q=The+voluntary+provision+of+public+goods+Isaac+Walker+Williams,,,
public_goods,classical_terms,public goods reputation contribution matching,1 Blockchain’s roles in meeting key supply chain management objectives,2017,Nir Kshetri,10.1016/j.ijinfomgt.2017.12.005,https://doi.org/10.1016/j.ijinfomgt.2017.12.005,http://libres.uncg.edu/ir/uncg/f/N_Kshetri_Blockchains_Roles_2018.pdf,False,https://scholar.google.com/scholar?q=1+Blockchain%E2%80%99s+roles+in+meeting+key+supply+chain+management+objectives,https://scholar.google.com/scholar?q=public+goods+reputation+contribution+matching,,,
public_goods,classical_terms,common pool resource contribution extraction regeneration,A survey of best practices for RNA-seq data analysis,2016,Ana Conesa; Pedro Madrigal; Sonia Tarazona; David Gómez-Cabrero; Alejandra Cervera; Andrew McPherson; Michał Wojciech Szcześniak; Daniel J. Gaffney; Laura L. Elo; Xuegong Zhang; A Mortazavi,10.1186/s13059-016-0881-8,https://doi.org/10.1186/s13059-016-0881-8,https://genomebiology.biomedcentral.com/track/pdf/10.1186/s13059-016-0881-8,False,https://scholar.google.com/scholar?q=A+survey+of+best+practices+for+RNA-seq+data+analysis,https://scholar.google.com/scholar?q=common+pool+resource+contribution+extraction+regeneration,,,
public_goods,classical_terms,common pool resource contribution extraction regeneration,"Paving the Way for Lignin Valorisation: Recent Advances in Bioengineering, Biorefining and Catalysis",2016,Roberto Rinaldi; Robin Jastrzebski; Matthew T. Clough; John Ralph; Marco Kennema; Pieter C. A. Bruijnincx; Bert M. Weckhuysen,10.1002/anie.201510351,https://doi.org/10.1002/anie.201510351,https://onlinelibrary.wiley.com/doi/pdfdirect/10.1002/anie.201510351,False,https://scholar.google.com/scholar?q=Paving+the+Way+for+Lignin+Valorisation%3A+Recent+Advances+in+Bioengineering%2C+Biorefining+and+Catalysis,https://scholar.google.com/scholar?q=common+pool+resource+contribution+extraction+regeneration,,,
public_goods,classical_terms,Cooperation and Punishment in Public Goods Experiments Fehr Gachter,Culture and Institutions,2015,Alberto Alesina; Paola Giuliano,10.1257/jel.53.4.898,https://doi.org/10.1257/jel.53.4.898,https://www.aeaweb.org/articles/pdf/doi/10.1257/jel.53.4.898,False,https://scholar.google.com/scholar?q=Culture+and+Institutions,https://scholar.google.com/scholar?q=Cooperation+and+Punishment+in+Public+Goods+Experiments+Fehr+Gachter,,,
public_goods,classical_terms,common pool resource contribution extraction regeneration,New handbook for standardised measurement of plant functional traits worldwide,2013,Natalia Pérez Harguindeguy; Sandra Dı́az; Éric Garnier; Sandra Lavorel; Hendrik Poorter; Pedro Jaureguiberry; M. Syndonia Bret‐Harte; William K. Cornwell; Joseph M. Craine; Diego E. Gurvich; Carlos Urcelay; Erik J. Veneklaas; Peter B. Reich; Lourens Poorter; Ian J. Wright; Peter M. Ray; Lucas Enrico; Juli G. Pausas; Arjen C. de Vos; Nina Buchmann; Guillermo Funes; Fabien Quétier; John Hodgson; K. Thompson; Huw D. Morgan; Hans ter Steege; Marcel G. A. van der Heijden; Lawren Sack; B. Blonder; Peter Poschlod; María V. Vaieretti; Georgina Conti; A. Carla Staver; Sâmia Aquino; J. H. C. Cornelissen,10.1071/bt12225,https://doi.org/10.1071/bt12225,https://www.publish.csiro.au/bt/pdf/BT12225,False,https://scholar.google.com/scholar?q=New+handbook+for+standardised+measurement+of+plant+functional+traits+worldwide,https://scholar.google.com/scholar?q=common+pool+resource+contribution+extraction+regeneration,,,
resource_island,classical_terms,Ostrom governing the commons property rights sanctions,A Review of Design Principles for Community-based Natural Resource Management,2010,Michael Cox; Gwen Arnold; Sergio Villamayor‐Tomás,10.5751/es-03704-150438,https://doi.org/10.5751/es-03704-150438,https://www.ecologyandsociety.org/vol15/iss4/art38/ES-2010-3704.pdf,False,https://scholar.google.com/scholar?q=A+Review+of+Design+Principles+for+Community-based+Natural+Resource+Management,https://scholar.google.com/scholar?q=Ostrom+governing+the+commons+property+rights+sanctions,,,
resource_island,classical_terms,A multi-agent reinforcement learning model of common-pool resource appropriation,Multi-Agent Reinforcement Learning: A Review of Challenges and Applications,2021,Lorenzo Canese; G.C. Cardarilli; Luca Di Nunzio; Rocco Fazzolari; Daniele Giardino; M. Re; Sergio Spanò,10.3390/app11114948,https://doi.org/10.3390/app11114948,https://www.mdpi.com/2076-3417/11/11/4948/pdf?version=1622433748,False,https://scholar.google.com/scholar?q=Multi-Agent+Reinforcement+Learning%3A+A+Review+of+Challenges+and+Applications,https://scholar.google.com/scholar?q=A+multi-agent+reinforcement+learning+model+of+common-pool+resource+appropriation,,,
resource_island,classical_terms,A multi-agent reinforcement learning model of common-pool resource appropriation,Edge AI: A survey,2023,Raghubir Singh; Sukhpal Singh Gill,10.1016/j.iotcps.2023.02.004,https://doi.org/10.1016/j.iotcps.2023.02.004,https://ars.els-cdn.com/content/image/1-s2.0-S2667345223000196-ga1_lrg.jpg,False,https://scholar.google.com/scholar?q=Edge+AI%3A+A+survey,https://scholar.google.com/scholar?q=A+multi-agent+reinforcement+learning+model+of+common-pool+resource+appropriation,,,
resource_island,classical_terms,A multi-agent reinforcement learning model of common-pool resource appropriation,Multi-agent deep reinforcement learning: a survey,2021,Sven Gronauer; Klaus Diepold,10.1007/s10462-021-09996-w,https://doi.org/10.1007/s10462-021-09996-w,https://link.springer.com/content/pdf/10.1007/s10462-021-09996-w.pdf,False,https://scholar.google.com/scholar?q=Multi-agent+deep+reinforcement+learning%3A+a+survey,https://scholar.google.com/scholar?q=A+multi-agent+reinforcement+learning+model+of+common-pool+resource+appropriation,,,
resource_island,classical_terms,Multi-agent Reinforcement Learning in Sequential Social Dilemmas,Convergence of Edge Computing and Deep Learning: A Comprehensive Survey,2020,Xiaofei Wang; Yiwen Han; Victor C. M. Leung; Dusit Niyato; Xueqiang Yan; Xu Chen,10.1109/comst.2020.2970550,https://doi.org/10.1109/comst.2020.2970550,https://arxiv.org/pdf/1907.08349,False,https://scholar.google.com/scholar?q=Convergence+of+Edge+Computing+and+Deep+Learning%3A+A+Comprehensive+Survey,https://scholar.google.com/scholar?q=Multi-agent+Reinforcement+Learning+in+Sequential+Social+Dilemmas,,,
resource_island,learning_terms,sequential social dilemma reinforcement learning commons,Human resource management in the age of generative artificial intelligence: Perspectives and research directions on ChatGPT,2023,Pawan Budhwar; Soumyadeb Chowdhury; Geoffrey Wood; Herman Aguinis; Greg J. Bamber; Jose R. Beltran; Paul Boselie; Fang Lee Cooke; Stephanie Decker; Angelo S. DeNisi; Prasanta Kumar Dey; David Guest; Andrew J. Knoblich; Ashish Malik; Jaap Paauwe; Savvas Papagiannidis; Charmi Patel; Vijay Pereira; Shuang Ren; Steven G. Rogelberg; Mark N. K. Saunders; Rosalie L. Tung; Arup Varma,10.1111/1748-8583.12524,https://doi.org/10.1111/1748-8583.12524,https://onlinelibrary.wiley.com/doi/pdfdirect/10.1111/1748-8583.12524,False,https://scholar.google.com/scholar?q=Human+resource+management+in+the+age+of+generative+artificial+intelligence%3A+Perspectives+and+research+directions+on+ChatGPT,https://scholar.google.com/scholar?q=sequential+social+dilemma+reinforcement+learning+commons,,,
resource_island,classical_terms,Ostrom governing the commons property rights sanctions,Social-ecological system framework: initial changes and continuing challenges,2014,Michael D. McGinnis; Элинор Остром,10.5751/es-06387-190230,https://doi.org/10.5751/es-06387-190230,https://www.ecologyandsociety.org/vol19/iss2/art30/ES-2013-6387.pdf,False,https://scholar.google.com/scholar?q=Social-ecological+system+framework%3A+initial+changes+and+continuing+challenges,https://scholar.google.com/scholar?q=Ostrom+governing+the+commons+property+rights+sanctions,,,
resource_island,learning_terms,multi agent reinforcement learning common pool resource,Regularized Evolution for Image Classifier Architecture Search,2019,Esteban Real; Alok Aggarwal; Yanping Huang; Quoc V. Le,10.1609/aaai.v33i01.33014780,https://ojs.aaai.org/index.php/AAAI/article/view/4405,,False,https://scholar.google.com/scholar?q=Regularized+Evolution+for+Image+Classifier+Architecture+Search,https://scholar.google.com/scholar?q=multi+agent+reinforcement+learning+common+pool+resource,,,
resource_island,classical_terms,Ostrom governing the commons property rights sanctions,Social Capital and the Collective Management of Resources,2003,Jules Pretty,10.1126/science.1090847,https://doi.org/10.1126/science.1090847,https://vtechworks.lib.vt.edu/bitstreams/64088179-1320-41d0-baa1-b3f008fcdd48/download,False,https://scholar.google.com/scholar?q=Social+Capital+and+the+Collective+Management+of+Resources,https://scholar.google.com/scholar?q=Ostrom+governing+the+commons+property+rights+sanctions,,,
resource_island,classical_terms,common pool resource property rights trade specialization,Payments for environmental services: some nuts and bolts,2005,Sven Wunder,10.17528/cifor/001760,https://doi.org/10.17528/cifor/001760,https://www.cifor.org/publications/pdf_files/OccPapers/OP-42.pdf,False,https://scholar.google.com/scholar?q=Payments+for+environmental+services%3A+some+nuts+and+bolts,https://scholar.google.com/scholar?q=common+pool+resource+property+rights+trade+specialization,,,
resource_island,learning_terms,reinforcement learning resource gathering trade agents,An Introduction to Deep Reinforcement Learning,2018,Vincent François-Lavet; Peter Henderson; Riashat Islam; Marc G. Bellemare; Joëlle Pineau,10.1561/2200000071,https://doi.org/10.1561/2200000071,https://arxiv.org/pdf/1811.12560,False,https://scholar.google.com/scholar?q=An+Introduction+to+Deep+Reinforcement+Learning,https://scholar.google.com/scholar?q=reinforcement+learning+resource+gathering+trade+agents,,,
resource_island,learning_terms,multi agent reinforcement learning common pool resource,"A Survey of Convolutional Neural Networks: Analysis, Applications, and Prospects",2021,Zewen Li; Fan Liu; Wenjie Yang; Shouheng Peng; Jun Zhou,10.1109/tnnls.2021.3084827,https://doi.org/10.1109/tnnls.2021.3084827,http://hdl.handle.net/10072/405164,False,https://scholar.google.com/scholar?q=A+Survey+of+Convolutional+Neural+Networks%3A+Analysis%2C+Applications%2C+and+Prospects,https://scholar.google.com/scholar?q=multi+agent+reinforcement+learning+common+pool+resource,,,
resource_island,classical_terms,common pool resource property rights trade specialization,"Trade, Growth, and the Environment",2004,Brian R. Copeland; M. Scott Taylor,10.1257/.42.1.7,https://doi.org/10.1257/.42.1.7,https://www.aeaweb.org/articles/pdf/doi/10.1257/002205104773558047,False,https://scholar.google.com/scholar?q=Trade%2C+Growth%2C+and+the+Environment,https://scholar.google.com/scholar?q=common+pool+resource+property+rights+trade+specialization,,,
resource_island,classical_terms,common pool resource property rights trade specialization,The resource‐based view within the conversation of strategic management,1992,Joseph T. Mahoney; J. Rajendran Pandian,10.1002/smj.4250130505,https://doi.org/10.1002/smj.4250130505,https://www.ideals.illinois.edu/items/30266/bitstreams/101276/data.pdf,False,https://scholar.google.com/scholar?q=The+resource%E2%80%90based+view+within+the+conversation+of+strategic+management,https://scholar.google.com/scholar?q=common+pool+resource+property+rights+trade+specialization,,,
resource_island,classical_terms,Multi-agent Reinforcement Learning in Sequential Social Dilemmas,Ensemble deep learning: A review,2022,M. A. Ganaie; Minghui Hu; A. K. Malik; M. Tanveer; Ponnuthurai Nagaratnam Suganthan,10.1016/j.engappai.2022.105151,https://doi.org/10.1016/j.engappai.2022.105151,https://www.sciencedirect.com/science/article/pii/S095219762200269X,False,https://scholar.google.com/scholar?q=Ensemble+deep+learning%3A+A+review,https://scholar.google.com/scholar?q=Multi-agent+Reinforcement+Learning+in+Sequential+Social+Dilemmas,,,
resource_island,classical_terms,Multi-agent Reinforcement Learning in Sequential Social Dilemmas,Systematic review of research on artificial intelligence applications in higher education – where are the educators?,2019,Olaf Zawacki‐Richter; Victoria I. Marín; Melissa Bond; Franziska Gouverneur,10.1186/s41239-019-0171-0,https://doi.org/10.1186/s41239-019-0171-0,https://educationaltechnologyjournal.springeropen.com/track/pdf/10.1186/s41239-019-0171-0,False,https://scholar.google.com/scholar?q=Systematic+review+of+research+on+artificial+intelligence+applications+in+higher+education+%E2%80%93+where+are+the+educators%3F,https://scholar.google.com/scholar?q=Multi-agent+Reinforcement+Learning+in+Sequential+Social+Dilemmas,,,
resource_island,classical_terms,Ostrom governing the commons property rights sanctions,Governance and the Capacity to Manage Resilience in Regional Social-Ecological Systems,2006,Louis Lebel; John M. Anderies; Bruce Campbell; Carl Folke; Steve Hatfield–Dodds; Terry P. Hughes; James A. Wilson,10.5751/es-01606-110119,https://doi.org/10.5751/es-01606-110119,http://www.ecologyandsociety.org/vol11/iss1/art19/ES-2005-1606.pdf,False,https://scholar.google.com/scholar?q=Governance+and+the+Capacity+to+Manage+Resilience+in+Regional+Social-Ecological+Systems,https://scholar.google.com/scholar?q=Ostrom+governing+the+commons+property+rights+sanctions,,,
resource_island,classical_terms,A multi-agent reinforcement learning model of common-pool resource appropriation,The Organizational Reproduction of Inequality,2019,John Amis; Johanna Mair; Kamal A. Munir,10.5465/annals.2017.0033,https://doi.org/10.5465/annals.2017.0033,http://hdl.handle.net/20.500.11820/ffe6689d-f349-4603-94d7-1ba5552e923f,False,https://scholar.google.com/scholar?q=The+Organizational+Reproduction+of+Inequality,https://scholar.google.com/scholar?q=A+multi-agent+reinforcement+learning+model+of+common-pool+resource+appropriation,,,
resource_island,learning_terms,multi agent reinforcement learning common pool resource,"Deep Learning: A Comprehensive Overview on Techniques, Taxonomy, Applications and Research Directions",2021,Iqbal H. Sarker,10.1007/s42979-021-00815-1,https://doi.org/10.1007/s42979-021-00815-1,https://link.springer.com/content/pdf/10.1007/s42979-021-00815-1.pdf,False,https://scholar.google.com/scholar?q=Deep+Learning%3A+A+Comprehensive+Overview+on+Techniques%2C+Taxonomy%2C+Applications+and+Research+Directions,https://scholar.google.com/scholar?q=multi+agent+reinforcement+learning+common+pool+resource,,,
resource_island,learning_terms,reinforcement learning resource gathering trade agents,Interpreting Black-Box Models: A Review on Explainable Artificial Intelligence,2023,Vikas Hassija; Vinay Chamola; Atmesh Mahapatra; Abhinandan Singal; Divyansh Goel; Kaizhu Huang; Simone Scardapane; Indro Spinelli; Mufti Mahmud; Amir Hussain,10.1007/s12559-023-10179-8,https://doi.org/10.1007/s12559-023-10179-8,https://link.springer.com/content/pdf/10.1007/s12559-023-10179-8.pdf,False,https://scholar.google.com/scholar?q=Interpreting+Black-Box+Models%3A+A+Review+on+Explainable+Artificial+Intelligence,https://scholar.google.com/scholar?q=reinforcement+learning+resource+gathering+trade+agents,,,
resource_island,learning_terms,sequential social dilemma reinforcement learning commons,Fusing Blockchain and AI With Metaverse: A Survey,2022,Qinglin Yang; Yetong Zhao; Huawei Huang; Zehui Xiong; Jiawen Kang; Zibin Zheng,10.1109/ojcs.2022.3188249,https://doi.org/10.1109/ojcs.2022.3188249,https://ieeexplore.ieee.org/ielx7/8782664/9024218/09815155.pdf,False,https://scholar.google.com/scholar?q=Fusing+Blockchain+and+AI+With+Metaverse%3A+A+Survey,https://scholar.google.com/scholar?q=sequential+social+dilemma+reinforcement+learning+commons,,,
resource_island,learning_terms,reinforcement learning resource gathering trade agents,Network intrusion detection system: A systematic study of machine learning and deep learning approaches,2020,Zeeshan Ahmad; Adnan Shahid Khan; Cheah Wai Shiang; Johari Abdullah; Farhan Ahmad,10.1002/ett.4150,https://doi.org/10.1002/ett.4150,https://onlinelibrary.wiley.com/doi/pdfdirect/10.1002/ett.4150,False,https://scholar.google.com/scholar?q=Network+intrusion+detection+system%3A+A+systematic+study+of+machine+learning+and+deep+learning+approaches,https://scholar.google.com/scholar?q=reinforcement+learning+resource+gathering+trade+agents,,,
resource_island,classical_terms,Ostrom governing the commons property rights sanctions,Treating Networks Seriously: Practical and Research-Based Agendas in Public Administration,1997,Laurence J. O’Toole,10.2307/976691,https://doi.org/10.2307/976691,https://ris.utwente.nl/ws/files/6654187/O_Toole97treating.pdf,False,https://scholar.google.com/scholar?q=Treating+Networks+Seriously%3A+Practical+and+Research-Based+Agendas+in+Public+Administration,https://scholar.google.com/scholar?q=Ostrom+governing+the+commons+property+rights+sanctions,,,
resource_island,learning_terms,sequential social dilemma reinforcement learning commons,"AI-big data analytics for building automation and management systems: a survey, actual challenges and future perspectives",2022,Yassine Himeur; Mariam Elnour; Fodil Fadli; Nader Meskin; Ioan Petri; Yacine Rezgui; Fayçal Bensaali; Abbes Amira,10.1007/s10462-022-10286-2,https://doi.org/10.1007/s10462-022-10286-2,https://link.springer.com/content/pdf/10.1007/s10462-022-10286-2.pdf,False,https://scholar.google.com/scholar?q=AI-big+data+analytics+for+building+automation+and+management+systems%3A+a+survey%2C+actual+challenges+and+future+perspectives,https://scholar.google.com/scholar?q=sequential+social+dilemma+reinforcement+learning+commons,,,
resource_island,learning_terms,multi agent reinforcement learning common pool resource,A survey on deep learning in medical image analysis,2017,Geert Litjens; Thijs Kooi; Babak Ehteshami Bejnordi; Arnaud A. A. Setio; Francesco Ciompi; Mohsen Ghafoorian; Jeroen van der Laak; Bram van Ginneken; Clara I. Sá‎nchez,10.1016/j.media.2017.07.005,https://doi.org/10.1016/j.media.2017.07.005,https://ars.els-cdn.com/content/image/1-s2.0-S1361841517301135-fx1_lrg.jpg,False,https://scholar.google.com/scholar?q=A+survey+on+deep+learning+in+medical+image+analysis,https://scholar.google.com/scholar?q=multi+agent+reinforcement+learning+common+pool+resource,,,
resource_island,classical_terms,spatial resource economy agents trade property rights,Global production networks and the analysis of economic development,2002,Jeffrey Henderson; Peter Dicken; Martin Heß; Neil M. Coe; Henry Wai‐chung Yeung,10.1080/09692290210150842,https://doi.org/10.1080/09692290210150842,https://www.tandfonline.com/doi/abs/10.1080/09692290210150842,False,https://scholar.google.com/scholar?q=Global+production+networks+and+the+analysis+of+economic+development,https://scholar.google.com/scholar?q=spatial+resource+economy+agents+trade+property+rights,,,
resource_island,classical_terms,Ostrom governing the commons property rights sanctions,Governing the Hollow State,2000,H. Brinton Milward; Keith G. Provan,10.1093/oxfordjournals.jpart.a024273,https://doi.org/10.1093/oxfordjournals.jpart.a024273,https://academic.oup.com/jpart/article-pdf/10/2/359/3087970/10-2-359.pdf,False,https://scholar.google.com/scholar?q=Governing+the+Hollow+State,https://scholar.google.com/scholar?q=Ostrom+governing+the+commons+property+rights+sanctions,,,
resource_island,classical_terms,Multi-agent Reinforcement Learning in Sequential Social Dilemmas,Counterfactual Multi-Agent Policy Gradients,2018,Jakob Foerster; Gregory Farquhar; Triantafyllos Afouras; Nantas Nardelli; Shimon Whiteson,10.1609/aaai.v32i1.11794,https://doi.org/10.1609/aaai.v32i1.11794,,False,https://scholar.google.com/scholar?q=Counterfactual+Multi-Agent+Policy+Gradients,https://scholar.google.com/scholar?q=Multi-agent+Reinforcement+Learning+in+Sequential+Social+Dilemmas,,,
resource_island,classical_terms,spatial resource economy agents trade property rights,"Artificial Intelligence (AI): Multidisciplinary perspectives on emerging challenges, opportunities, and agenda for research, practice and policy",2019,Yogesh K. Dwivedi; Laurie Hughes; Elvira Ismagilova; Gert Aarts; Crispin Coombs; Tom Crick; Yanqing Duan; Rohita Dwivedi; John S. Edwards; Aled Eirug; Vassilis Galanos; P. Vigneswara Ilavarasan; Marijn Janssen; Paul Jones; Arpan Kumar Kar; Hatice Kizgin; Bianca Kronemann; Banita Lal; Biagio Lucini; Rony Medaglia; Kenneth Le Meunier‐FitzHugh; Leslie Caroline Le Meunier-FitzHugh; Santosh K. Misra; Emmanuel Mogaji; Sujeet Kumar Sharma; Jang Bahadur Singh; Vishnupriya Raghavan; Ramakrishnan Raman; Nripendra P. Rana; Spyridon Samothrakis; Jak Spencer; Kuttimani Tamilmani; Annie Tubadji; Paul Walton; Michael D. Williams,10.1016/j.ijinfomgt.2019.08.002,https://doi.org/10.1016/j.ijinfomgt.2019.08.002,https://www.sciencedirect.com/science/article/pii/S026840121930917X,False,https://scholar.google.com/scholar?q=Artificial+Intelligence+%28AI%29%3A+Multidisciplinary+perspectives+on+emerging+challenges%2C+opportunities%2C+and+agenda+for+research%2C+practice+and+policy,https://scholar.google.com/scholar?q=spatial+resource+economy+agents+trade+property+rights,,,
resource_island,classical_terms,spatial resource economy agents trade property rights,Automation and New Tasks: How Technology Displaces and Reinstates Labor,2019,Daron Acemoğlu; Pascual Restrepo,10.1257/jep.33.2.3,https://doi.org/10.1257/jep.33.2.3,https://www.aeaweb.org/articles/pdf/doi/10.1257/jep.33.2.3,False,https://scholar.google.com/scholar?q=Automation+and+New+Tasks%3A+How+Technology+Displaces+and+Reinstates+Labor,https://scholar.google.com/scholar?q=spatial+resource+economy+agents+trade+property+rights,,,
